Left Eye X,Left Eye Y,Right Eye X,Right Eye Y
0.49610447883605957,0.19226817786693573,0.5615256428718567,0.24038074910640717
0.5988903045654297,0.13638049364089966,0.5632749795913696,0.25184300541877747
0.23489397764205933,0.6394831538200378,0.24646034836769104,0.7400890588760376
0.22070400416851044,0.6556336879730225,0.21797315776348114,0.7684922218322754
0.22963108122348785,0.6306913495063782,0.20527586340904236,0.7795904278755188
0.2102431207895279,0.6157130599021912,0.20149897038936615,0.7758880257606506
0.1574634611606598,0.6199703216552734,0.21844132244586945,0.7792744636535645
0.22509412467479706,0.6418508291244507,0.21061846613883972,0.7542460560798645
0.21915242075920105,0.6430932879447937,0.22544258832931519,0.7776796817779541
0.22727321088314056,0.6485762000083923,0.2241552472114563,0.7684699296951294
0.22162066400051117,0.6294143795967102,0.2236507534980774,0.7903545498847961
0.21010932326316833,0.6521915197372437,0.22609101235866547,0.7810229659080505
0.21337297558784485,0.6490427851676941,0.2271268516778946,0.7886476516723633
0.24220755696296692,0.6620127558708191,0.22661714255809784,0.7960883378982544
0.34636032581329346,0.619641125202179,0.32027265429496765,0.7316803336143494
0.6309032440185547,0.3058182895183563,0.6778496503829956,0.4423544406890869
-0.09816444665193558,0.8732475638389587,0.6676098108291626,0.46253886818885803
nan,nan,0.5981037616729736,0.44059643149375916
-0.01113000139594078,0.9231308698654175,0.6291670799255371,0.4782383441925049
-0.0024341761600226164,0.9258381128311157,0.5636993646621704,0.45282894372940063
nan,nan,0.5821248888969421,0.42956817150115967
-0.01094669010490179,0.9596710801124573,0.5891912579536438,0.4790852665901184
-0.0014994186349213123,1.0456962585449219,0.5746830105781555,0.45218878984451294
0.46379902958869934,0.2915628254413605,0.465437114238739,0.44996213912963867
0.45374423265457153,0.24451835453510284,0.387962281703949,0.4012549817562103
0.4614412784576416,0.24823743104934692,0.42374709248542786,0.34205150604248047
0.0027289793360978365,0.70365309715271,0.37052932381629944,0.4347473680973053
0.4741035997867584,0.2404123991727829,0.38652855157852173,0.41371962428092957
0.4329184889793396,0.21643415093421936,0.3918478190898895,0.3846113681793213
0.4292508363723755,0.21357549726963043,0.3409458100795746,0.3931185305118561
0.41244781017303467,0.21803785860538483,0.3550227880477905,0.3815380036830902
0.41649574041366577,0.2192634642124176,0.3511185348033905,0.37239864468574524
0.4157926142215729,0.23586530983448029,0.26249805092811584,0.22742868959903717
0.4347594380378723,0.1923164576292038,0.34311771392822266,0.4270225763320923
0.4165453314781189,0.2264198660850525,0.3533809781074524,0.38322722911834717
0.42703554034233093,0.2296280562877655,0.3674570322036743,0.3798757493495941
0.4384857416152954,0.22976309061050415,0.36634522676467896,0.39220282435417175
0.4385969936847687,0.24726754426956177,0.33445975184440613,0.41840317845344543
0.34697550535202026,0.16206569969654083,0.2920657694339752,0.3098054826259613
0.34702616930007935,0.1457262635231018,0.3084975481033325,0.32083651423454285
0.3478538691997528,0.1573575884103775,0.2954230308532715,0.3135339915752411
0.3407599627971649,0.1493983268737793,0.28583666682243347,0.3611258566379547
0.3439851403236389,0.1661449670791626,0.28847965598106384,0.3180456757545471
0.34679898619651794,0.15752820670604706,0.3000745475292206,0.3755919635295868
0.31501322984695435,0.1914784014225006,0.2681777775287628,0.30784669518470764
0.3123270273208618,0.1778823435306549,0.2634560465812683,0.333861768245697
0.31878113746643066,0.18180729448795319,0.2609868049621582,0.3033461570739746
0.27700135111808777,0.21812914311885834,0.24887853860855103,0.36875641345977783
0.3127422630786896,0.1931259036064148,0.2554928660392761,0.33407577872276306
0.3127962350845337,0.2114354521036148,0.2563849091529846,0.31240662932395935
0.31664860248565674,0.16858164966106415,0.25237005949020386,0.34986212849617004
0.3170240521430969,0.19101129472255707,0.25515076518058777,0.347771018743515
0.31142890453338623,0.19365550577640533,0.2617984414100647,0.3698492646217346
0.5392714142799377,0.10183935612440109,0.4873521029949188,0.24413876235485077
0.5399450659751892,0.10314246267080307,0.4947165250778198,0.23549127578735352
0.5480654835700989,0.09049109369516373,0.48474207520484924,0.2194058895111084
0.5490497946739197,0.08436286449432373,0.473976194858551,0.22093690931797028
0.5458108186721802,0.08028688281774521,0.489663302898407,0.2428201138973236
0.5583333969116211,0.0968264490365982,0.47443467378616333,0.22085626423358917
0.5588817000389099,0.07284172624349594,0.4920766353607178,0.24158713221549988
0.5632556080818176,0.08154558390378952,0.4813094139099121,0.21426092088222504
0.5491822361946106,0.09153629094362259,0.48838892579078674,0.25037893652915955
0.5556091070175171,0.08671806752681732,0.49551427364349365,0.24202799797058105
0.5546122789382935,0.09105172008275986,0.503893256187439,0.23581090569496155
0.5428210496902466,0.06590738892555237,0.47079896926879883,0.22625984251499176
0.5470795035362244,0.08538907021284103,0.4933798015117645,0.2158675342798233
0.5574145317077637,0.2865649163722992,0.46639737486839294,0.4519087076187134
0.5279779434204102,0.7355722188949585,0.4354340136051178,0.8731588125228882
0.5299635529518127,0.7221700549125671,nan,nan
0.5096532106399536,0.7288762331008911,nan,nan
0.5072279572486877,0.7431144714355469,nan,nan
0.5304467082023621,0.7363911271095276,0.44108590483665466,0.8762864470481873
0.5124549865722656,0.7533867955207825,nan,nan
0.5142282247543335,0.745186984539032,0.44614624977111816,0.8814554810523987
0.5401427745819092,0.7198044657707214,0.44011008739471436,0.8951457738876343
0.5234701037406921,0.7316197752952576,0.4573896527290344,0.8669024705886841
0.1157217025756836,0.7868920564651489,0.5105031132698059,0.8062949776649475
0.5674663186073303,0.6835221648216248,0.4984515607357025,0.7833946347236633
0.5686576962471008,0.6969583630561829,0.49445778131484985,0.7988801598548889
0.10568981617689133,0.759232223033905,0.5055959820747375,0.7928531765937805
0.5718465447425842,0.6926310062408447,0.4974730610847473,0.7926809191703796
nan,nan,0.49294793605804443,0.7999752759933472
0.11071312427520752,0.7200456261634827,0.49355554580688477,0.8024638295173645
0.14030395448207855,0.8791810274124146,0.5050712823867798,0.8071053624153137
0.025781583040952682,0.8453027606010437,0.49147358536720276,0.7942983508110046
0.586109459400177,0.6725496649742126,0.4909362494945526,0.8032113313674927
nan,nan,0.49685579538345337,0.8031858205795288
0.02242962457239628,0.9143990278244019,0.4982829988002777,0.8227199912071228
0.584555447101593,0.6754890084266663,0.5028570890426636,0.7985605001449585
nan,nan,0.49562832713127136,0.8031532764434814
0.5833755135536194,0.695066511631012,0.4914168119430542,0.8072452545166016
0.06899971514940262,0.8438576459884644,0.48478710651397705,0.8125662803649902
0.10103727132081985,0.8577245473861694,0.4953940212726593,0.8173957467079163
0.5816880464553833,0.6777446269989014,0.48253488540649414,0.8204118013381958
0.591303288936615,0.7818406820297241,nan,nan
0.5563257932662964,0.780130922794342,nan,nan
0.5536496043205261,0.7906708121299744,nan,nan
0.567871630191803,0.7939965724945068,nan,nan
0.5589174032211304,0.7959384918212891,nan,nan
0.5515294671058655,0.7886631488800049,nan,nan
0.5748244524002075,0.7957088351249695,nan,nan
0.5454782843589783,0.8133940696716309,nan,nan
0.5664464235305786,0.7942469120025635,nan,nan
0.5472738742828369,0.791653573513031,nan,nan
nan,nan,nan,nan
0.5582502484321594,0.8295363783836365,0.46645858883857727,0.9962449073791504
0.5475975275039673,0.8274803757667542,nan,nan
0.5453830361366272,0.8389933705329895,nan,nan
nan,nan,nan,nan
0.5632336139678955,0.8525844216346741,0.4608297646045685,1.006600022315979
0.5462393760681152,0.8403779864311218,nan,nan
nan,nan,nan,nan
0.5603269934654236,0.8703911304473877,0.4768296480178833,0.9904210567474365
0.5342875123023987,0.855964720249176,nan,nan
nan,nan,nan,nan
0.5538449287414551,0.8767723441123962,0.4727917015552521,1.0039241313934326
0.54436194896698,0.8444805145263672,nan,nan
0.5565325617790222,0.8549686670303345,nan,nan
nan,nan,nan,nan
0.5596490502357483,0.8588457703590393,0.46807342767715454,1.010061502456665
0.5475620627403259,0.8489401936531067,nan,nan
0.5432628989219666,0.8532115817070007,nan,nan
0.5470426678657532,0.8582127094268799,nan,nan
0.5490365028381348,0.8489890098571777,nan,nan
0.5409266948699951,0.8563535809516907,nan,nan
0.5433380007743835,0.8523356318473816,nan,nan
0.5463188886642456,0.8690836429595947,nan,nan
0.5489809513092041,0.8630808591842651,nan,nan
0.5398669838905334,0.8796670436859131,nan,nan
0.5608516335487366,0.7059563398361206,0.5008243918418884,0.8231779932975769
0.5941380858421326,0.6888130307197571,0.5065101385116577,0.7909142374992371
0.5887816548347473,0.6744468808174133,0.49819886684417725,0.8115235567092896
0.6000580787658691,0.6797892451286316,0.5004585385322571,0.8009659051895142
0.5890597701072693,0.6735536456108093,0.5054751634597778,0.793210506439209
nan,nan,0.484760046005249,1.0829411745071411
nan,nan,nan,nan
nan,nan,nan,nan
nan,nan,nan,nan
nan,nan,nan,nan
nan,nan,nan,nan
nan,nan,nan,nan
nan,nan,nan,nan
0.03501652926206589,1.0101009607315063,0.4783058762550354,0.7971511483192444
0.5803084373474121,0.6466893553733826,0.5178292393684387,0.7589967846870422
0.18650293350219727,1.0898512601852417,0.48271942138671875,0.7693864703178406
0.09997585415840149,0.902788519859314,0.4796033501625061,0.7610024213790894
0.0577380508184433,0.903290331363678,0.49919092655181885,0.7648690938949585
0.5781227946281433,0.6571471095085144,0.48364588618278503,0.7879613041877747
0.49542173743247986,0.7661607265472412,0.4156537353992462,0.8645390868186951
0.5272617340087891,0.7157437205314636,0.43117401003837585,0.841300368309021
0.5240561962127686,0.7260926365852356,0.42805731296539307,0.841505765914917
0.5356495380401611,0.7157541513442993,nan,nan
0.5184022784233093,0.7181047201156616,0.4197642505168915,0.8557159900665283
0.5104787945747375,0.7328348159790039,0.4179786741733551,0.8523889183998108
0.5162355303764343,0.7394248247146606,0.416257381439209,0.8628525137901306
0.520302414894104,0.7121620178222656,0.41739991307258606,0.8701708912849426
0.5217218399047852,0.7301653027534485,0.441148966550827,0.8631239533424377
0.522134006023407,0.7097250819206238,0.43303585052490234,0.8676466941833496
0.5240218043327332,0.7294577360153198,nan,nan
0.5274889469146729,0.5353135466575623,0.4385523796081543,0.6551764607429504
0.5063022375106812,0.3178045153617859,0.44174134731292725,0.440537691116333
0.5110030174255371,0.34519970417022705,0.4260800778865814,0.5043221712112427
0.503304123878479,0.3503776490688324,0.42011895775794983,0.5053713321685791
0.5090147256851196,0.3264932632446289,0.437696248292923,0.4772184193134308
0.5017699003219604,0.36739400029182434,0.42217445373535156,0.48845604062080383
0.5113492608070374,0.3364697992801666,0.4229803681373596,0.5151349306106567
nan,nan,0.4565122723579407,0.4685414731502533
0.5198131799697876,0.3402845859527588,0.4387909173965454,0.49551355838775635
0.5171574354171753,0.3376430869102478,0.4305161237716675,0.49842432141304016
0.5150426626205444,0.35880425572395325,0.43450313806533813,0.4803416132926941
0.5575191378593445,0.5363001227378845,0.4770554006099701,0.6455066800117493
nan,nan,0.5067024230957031,0.7784128189086914
nan,nan,nan,nan
0.5947479605674744,0.6614607572555542,0.5379638075828552,0.7777464985847473
0.585131824016571,0.6638870239257812,0.506172776222229,0.7990562319755554
0.5914550423622131,0.6573586463928223,0.5109765529632568,0.8014176487922668
0.5973731279373169,0.6543036699295044,0.5232325196266174,0.7936590313911438
0.5992626547813416,0.6513034701347351,0.5176951289176941,0.7899983525276184
0.02366025187075138,1.039085865020752,0.5229225754737854,0.8046035766601562
0.5754761099815369,0.6750941276550293,0.5005592107772827,0.783236563205719
0.5799580216407776,0.6710107326507568,0.4948705732822418,0.7899574041366577
0.13918597996234894,0.8097841739654541,0.49827927350997925,0.7761954665184021
0.5825530290603638,0.6446065902709961,0.4936050474643707,0.7914844155311584
0.5849043726921082,0.6505243182182312,0.4885764420032501,0.8001703023910522
0.5675021409988403,0.6475479602813721,0.491598904132843,0.7765694260597229
0.5759923458099365,0.6721676588058472,0.5128835439682007,0.788997232913971
nan,nan,0.495893657207489,0.7892647981643677
0.09859681874513626,0.9529359340667725,0.49564361572265625,0.791535496711731
0.5658404231071472,0.6654680967330933,0.50300532579422,0.8033368587493896
0.26541244983673096,0.6064898371696472,0.25958168506622314,0.8013725876808167
0.3064440190792084,0.6519821882247925,0.25280505418777466,0.8324391841888428
0.3087417483329773,0.6961624622344971,0.249065563082695,0.8440293073654175
0.31129351258277893,0.7108872532844543,0.2638983130455017,0.8104261755943298
0.30168336629867554,0.6982797980308533,0.24565905332565308,0.819393515586853
0.29141321778297424,0.6908069252967834,nan,nan
0.2683444321155548,0.68430495262146,0.2522840201854706,0.8287674784660339
0.31406402587890625,0.7221190929412842,0.251972496509552,0.8279367089271545
0.2754178047180176,0.7059301733970642,0.23869158327579498,0.831318736076355
nan,nan,0.22602355480194092,1.2876156568527222
nan,nan,nan,nan
nan,nan,nan,nan
nan,nan,nan,nan
nan,nan,nan,nan
0.35464149713516235,1.1958911418914795,0.26634833216667175,0.8177422881126404
nan,nan,nan,nan
0.23690536618232727,0.8219736814498901,0.2800026535987854,0.7570264339447021
0.3147241473197937,0.6899455785751343,0.25635263323783875,0.8053589463233948
0.30372774600982666,0.6333195567131042,0.2800995111465454,0.7762215733528137
0.2952001690864563,0.6515074372291565,0.2701805830001831,0.7501501441001892
0.29806193709373474,0.6625568270683289,0.2763260006904602,0.7941960692405701
0.28296154737472534,0.6433339715003967,0.2557355761528015,0.7995511293411255
0.29258012771606445,0.6481431722640991,0.25223422050476074,0.8058454394340515
0.3180205821990967,0.6738858819007874,0.26376503705978394,0.8154477477073669
0.28997084498405457,0.6977359652519226,0.2694275379180908,0.8536592721939087
0.294258713722229,0.6940296292304993,0.25552433729171753,0.8584604859352112
0.3189290463924408,0.7265524864196777,nan,nan
0.3040568232536316,0.7045323848724365,0.2676125466823578,0.854503870010376
0.29690641164779663,0.7103830575942993,0.24570801854133606,0.899902880191803
0.29947659373283386,0.7027493715286255,0.26331058144569397,0.8603513836860657
0.3094562292098999,0.695805549621582,0.24166080355644226,0.879902184009552
0.5898202061653137,0.7128635048866272,0.5278137922286987,0.8753547668457031
nan,nan,nan,nan
0.6029438376426697,0.7004970908164978,0.5217104554176331,0.8795507550239563
0.5950255990028381,0.7050309777259827,0.5407055020332336,0.8663249611854553
0.07374345511198044,0.9245297908782959,0.5198209881782532,0.8712034821510315
0.5967797040939331,0.7047582268714905,0.5364185571670532,0.8790372014045715
nan,nan,0.5213472247123718,0.8558538556098938
0.06715051084756851,0.8903437852859497,0.5439569354057312,0.8691350221633911
0.6065897345542908,0.7133124470710754,0.5284254550933838,0.8683369159698486
0.5899829864501953,0.8113203048706055,nan,nan
0.572428286075592,0.834338903427124,nan,nan
0.5787481069564819,0.8067674040794373,nan,nan
0.57480388879776,0.8259516358375549,nan,nan
nan,nan,nan,nan
0.5976226925849915,0.8172043561935425,0.5020806789398193,0.9569807052612305
0.6025906205177307,0.8231770396232605,nan,nan
0.579964280128479,0.8104519248008728,nan,nan
0.5726832747459412,0.8000180125236511,nan,nan
0.5577090382575989,0.8214005827903748,nan,nan
0.557137131690979,0.8081938624382019,nan,nan
0.5483815670013428,0.8341062664985657,nan,nan
0.553202211856842,0.8424161076545715,nan,nan
0.5420517921447754,0.8351520299911499,nan,nan
0.591962993144989,0.8070752024650574,nan,nan
0.5506076216697693,0.8278401494026184,nan,nan
0.5590939521789551,0.8228320479393005,nan,nan
0.553129255771637,0.8340756893157959,nan,nan
0.06955926865339279,0.8132240176200867,0.5509223937988281,0.7497522830963135
0.037614647299051285,0.9606466293334961,0.5436863303184509,0.7412419319152832
0.09821677953004837,0.9875977039337158,0.5515446662902832,0.7416262030601501
0.037255335599184036,0.8978291749954224,0.5456898808479309,0.7443835735321045
0.6426622271537781,0.616689920425415,0.5568972229957581,0.7516815662384033
0.07615254074335098,0.8823869228363037,0.5614216327667236,0.7530059814453125
nan,nan,0.5542553067207336,0.7490031123161316
0.08424541354179382,0.9091401696205139,0.5559388399124146,0.7579048871994019
0.6385757923126221,0.6097710132598877,0.5571993589401245,0.7414438128471375
0.027124518528580666,0.887376606464386,0.6877610683441162,0.7156510949134827
-0.003224172629415989,0.9663916230201721,0.7090502381324768,0.7106979489326477
0.03833451494574547,0.660949170589447,0.7271457314491272,0.7064316272735596
0.023831695318222046,0.7051470875740051,0.7118807435035706,0.7081426978111267
-0.006150429602712393,0.8644921183586121,0.7031172513961792,0.7290604114532471
nan,nan,0.718758761882782,0.7054105997085571
0.007116246037185192,0.6761704683303833,0.7152490615844727,0.7243409752845764
-0.014844100922346115,0.81802898645401,0.7148330211639404,0.7298821210861206
-0.0012420450802892447,0.8896161317825317,0.7097010016441345,0.7342705726623535
0.771773636341095,0.5578330159187317,0.7152603268623352,0.7383576035499573
nan,nan,0.7021757960319519,0.7356544137001038
0.00290369288995862,0.9115474224090576,0.6813444495201111,0.7405088543891907
0.7469289302825928,0.5867037773132324,0.6927489638328552,0.7258614301681519
0.02173796109855175,0.9376639127731323,0.681125283241272,0.7499665021896362
0.07008544355630875,0.6375789046287537,0.683777391910553,0.7307058572769165
0.046553123742341995,1.0147289037704468,0.6837967038154602,0.747880220413208
0.7303153872489929,0.5865218043327332,0.6833322644233704,0.7298628687858582
0.021831922233104706,0.9624674320220947,0.6706260442733765,0.7349852323532104
0.024574045091867447,0.9117529988288879,0.6727319955825806,0.7363935112953186
0.017657475546002388,0.9543513655662537,0.6856598854064941,0.7341421842575073
nan,nan,0.6838286519050598,0.7215823531150818
0.7317005395889282,0.5965977907180786,0.6773383021354675,0.7348072528839111
0.7223248481750488,0.5970502495765686,0.685704231262207,0.7374944686889648
0.04040949046611786,0.7336163520812988,0.6627776622772217,0.7456016540527344
nan,nan,0.6708263158798218,0.7370800971984863
0.04815798997879028,0.823365330696106,0.5883997678756714,0.7413551211357117
0.5601334571838379,0.6043493151664734,0.4989280700683594,0.7416203022003174
0.1457594931125641,0.7825823426246643,0.48531854152679443,0.7191677689552307
0.5565349459648132,0.5841168761253357,0.47636476159095764,0.7457209825515747
0.5564368963241577,0.6022919416427612,0.48220714926719666,0.7352579832077026
0.5566582679748535,0.5980836153030396,0.4865724742412567,0.7381840348243713
0.5710521340370178,0.597807765007019,0.4853073060512543,0.7288386821746826
0.555597722530365,0.5903481245040894,0.48742857575416565,0.7310847640037537
0.46322059631347656,0.4804200232028961,0.4836553633213043,0.7535639405250549
0.05338778719305992,0.9281744956970215,0.477958619594574,0.7454447150230408
0.5567696690559387,0.6252502202987671,0.4863179326057434,0.7509462237358093
0.549243152141571,0.6104162931442261,0.48137757182121277,0.737479031085968
0.13385897874832153,0.7392017245292664,0.4681537449359894,0.7472110986709595
0.11185773462057114,0.8767713308334351,0.4750575125217438,0.7401914596557617
0.5625072121620178,0.629639744758606,0.4804438650608063,0.7423226833343506
0.563932478427887,0.6157146096229553,0.4732334017753601,0.7469414472579956
0.13646315038204193,0.838464617729187,0.4812525510787964,0.7274841666221619
0.0341646783053875,0.7991986870765686,0.4767821133136749,0.7489301562309265
0.11825083196163177,0.9183989763259888,0.4879674017429352,0.7316807508468628
0.5486505031585693,0.6290493011474609,0.4662793278694153,0.7504703998565674
0.5704370737075806,0.5900558829307556,0.47892487049102783,0.735325276851654
nan,nan,0.4491472542285919,1.0084255933761597
nan,nan,nan,nan
nan,nan,nan,nan
nan,nan,nan,nan
nan,nan,nan,nan
0.020777659490704536,1.062451720237732,0.5467051267623901,0.8342764377593994
nan,nan,nan,nan
0.05096997693181038,0.8821766376495361,0.5493173599243164,0.8189371824264526
0.6036816239356995,0.691536009311676,nan,nan
0.624811053276062,1.0569887161254883,0.530107855796814,0.8731757998466492
nan,nan,nan,nan
nan,nan,nan,nan
nan,nan,nan,nan
nan,nan,nan,nan
0.5537861585617065,1.2955079078674316,0.4759890139102936,0.9966688752174377
0.6094850897789001,0.8420020937919617,0.48115456104278564,0.7879930138587952
nan,nan,nan,nan
0.5574837327003479,0.6821115612983704,0.5004149675369263,0.7841482758522034
0.5634055733680725,0.6457410454750061,0.49014392495155334,0.7726048231124878
0.12186587601900101,0.9225205779075623,0.49316513538360596,0.7744814157485962
0.5750110745429993,0.6608647704124451,0.47913721203804016,0.7807059288024902
0.11037641018629074,0.6333831548690796,0.48445048928260803,0.7905135154724121
0.5614041686058044,0.6692807674407959,0.5024336576461792,0.7737938165664673
0.12220077961683273,0.8418673872947693,0.49919095635414124,0.7741686105728149
0.5731104612350464,0.655907154083252,0.49795228242874146,0.7859823107719421
0.5736488699913025,0.6485158205032349,0.5027246475219727,0.7904021143913269
0.03248962387442589,0.8126428127288818,0.5046097040176392,0.7851337194442749
0.5747732520103455,0.6528651714324951,0.49745848774909973,0.7997258901596069
0.5693303942680359,0.6739144325256348,0.492240309715271,0.7789268493652344
0.5706042647361755,0.6755988597869873,0.4907970130443573,0.7839511036872864
0.5748448967933655,0.6524741649627686,0.48319295048713684,0.7940976619720459
0.046478670090436935,0.7721699476242065,0.4935894310474396,0.7911315560340881
0.5703120231628418,0.6576263904571533,0.49543339014053345,0.7836859226226807
0.5497000217437744,0.6817029714584351,nan,nan
0.5693506598472595,0.6698229312896729,0.49349021911621094,0.7993784546852112
0.5836220979690552,0.6401730179786682,0.48686471581459045,0.7942173480987549
0.5846313834190369,0.655951201915741,0.48007941246032715,0.8149964809417725
0.5605440139770508,0.6903811097145081,0.490612268447876,0.8128789663314819
0.5643818378448486,0.6757858991622925,0.4821370840072632,0.8121898770332336
0.5696360468864441,0.6658757925033569,0.5009309649467468,0.8045516014099121
0.5708040595054626,0.6585520505905151,0.47777971625328064,0.8192211389541626
0.5656504034996033,0.6644023060798645,0.4857455790042877,0.8133516907691956
0.5712389349937439,0.6668820977210999,0.49583110213279724,0.8048262000083923
0.5659211874008179,0.6681301593780518,0.4917505085468292,0.8079736232757568
0.5589951276779175,0.6586683988571167,0.47931107878685,0.807114839553833
0.5729446411132812,0.6627055406570435,0.49480026960372925,0.8284116983413696
0.5685251951217651,0.6794143319129944,0.4927590787410736,0.8166540265083313
0.5787306427955627,0.6708676218986511,0.5020599365234375,0.8350796103477478
0.5771564841270447,0.6782336235046387,0.49493616819381714,0.8490723371505737
0.5674225091934204,0.6689392328262329,0.49941742420196533,0.8244104981422424
0.43119728565216064,0.7573878765106201,nan,nan
0.3499628007411957,0.7915162444114685,nan,nan
0.3404945433139801,0.809700071811676,nan,nan
0.35331717133522034,0.8151142597198486,nan,nan
0.34208351373672485,0.8019083142280579,nan,nan
0.34092843532562256,0.754320502281189,nan,nan
nan,nan,nan,nan
0.33938032388687134,0.7786229252815247,0.33574378490448,0.9374380111694336
0.3432601988315582,0.828321635723114,0.31103917956352234,0.9664497971534729
0.333495169878006,0.8286514282226562,0.30431267619132996,0.9779257774353027
0.3418120741844177,0.8309750556945801,0.2953140437602997,0.9779248833656311
0.32843148708343506,0.8197668194770813,nan,nan
0.3431677222251892,0.8539667725563049,nan,nan
0.3361910879611969,0.8353168368339539,nan,nan
0.28408071398735046,0.8176954984664917,nan,nan
0.21250736713409424,0.7806900143623352,0.3064152002334595,0.9990543723106384
0.34115442633628845,0.8348395228385925,0.2907611131668091,1.0383105278015137
0.40533629059791565,0.874099612236023,0.30672764778137207,0.6034734845161438
0.4069935083389282,0.8486172556877136,0.36518847942352295,0.9912065267562866
0.4009687006473541,0.8596938848495483,0.34272947907447815,0.9765441417694092
0.3970816135406494,0.8567467927932739,0.3451218008995056,1.0156455039978027
0.36735987663269043,0.8652918338775635,nan,nan
0.37552812695503235,0.8462969064712524,nan,nan
nan,nan,nan,nan
0.3853035271167755,0.8874356150627136,0.33648666739463806,1.0039699077606201
0.3890479505062103,0.8913317918777466,0.3208940327167511,0.9895458817481995
0.3767779767513275,0.866956353187561,nan,nan
nan,nan,nan,nan
0.3884340822696686,0.8762157559394836,0.3127358555793762,1.0017290115356445
0.3920617997646332,0.8737854957580566,nan,nan
0.3852432668209076,0.8700806498527527,nan,nan
0.3803509473800659,0.8911557793617249,nan,nan
0.41934841871261597,0.8294034600257874,nan,nan
0.4186536371707916,0.8432493209838867,nan,nan
0.4210277199745178,0.81345534324646,nan,nan
0.4230230152606964,0.8376250863075256,nan,nan
0.40061238408088684,0.8849080801010132,nan,nan
0.49773210287094116,0.8179707527160645,0.3391249179840088,0.9827169179916382
0.42758771777153015,0.8267215490341187,nan,nan
0.7231241464614868,0.8026148676872253,nan,nan
nan,nan,nan,nan
0.4588591754436493,0.8580487370491028,0.37682825326919556,0.9515762329101562
0.45910313725471497,0.8360376954078674,nan,nan
0.45814377069473267,0.8455364108085632,nan,nan
0.4556129276752472,0.844332218170166,nan,nan
0.4397425651550293,0.8201519846916199,nan,nan
0.4519282579421997,0.8424137830734253,nan,nan
0.45575135946273804,0.8611733913421631,nan,nan
nan,nan,nan,nan
nan,nan,nan,nan
nan,nan,nan,nan
nan,nan,nan,nan
0.4742860496044159,0.8330413699150085,0.37357255816459656,0.9763573408126831
0.47824791073799133,0.8175888657569885,nan,nan
0.46222102642059326,0.8349159955978394,nan,nan
0.4602307677268982,0.8332028388977051,nan,nan
0.46399566531181335,0.8296707272529602,nan,nan
0.46315425634384155,0.822890043258667,nan,nan
nan,nan,nan,nan
0.4685830771923065,0.7660693526268005,0.42293253540992737,0.8423920273780823
0.44427290558815,0.3593108654022217,0.38655948638916016,0.4510345757007599
0.4368581473827362,0.23304232954978943,0.3650708794593811,0.315451055765152
0.44906681776046753,0.24304474890232086,0.3642385005950928,0.33672985434532166
0.4450857639312744,0.22611302137374878,0.3628872036933899,0.3540756404399872
0.44740694761276245,0.21194146573543549,0.37394654750823975,0.31396394968032837
0.4475310742855072,0.20868758857250214,0.35217419266700745,0.37192678451538086
0.445873498916626,0.21096724271774292,0.3513236939907074,0.3726343810558319
0.4425455331802368,0.21487876772880554,0.3763338625431061,0.37129083275794983
0.4452301859855652,0.21562883257865906,0.35111185908317566,0.3710784316062927
0.43549877405166626,0.21448583900928497,0.3625951111316681,0.3592914938926697
0.4714258015155792,0.23365257680416107,0.38213279843330383,0.3628237247467041
0.4628966450691223,0.2520570755004883,0.3859257102012634,0.3399907350540161
0.46312984824180603,0.2499740868806839,0.3872251510620117,0.35124969482421875
0.4668251872062683,0.22957372665405273,0.4176650643348694,0.3293478190898895
0.4697427451610565,0.23273752629756927,0.41221898794174194,0.35858240723609924
0.469438374042511,0.2627634108066559,0.40138542652130127,0.36523905396461487
0.47764381766319275,0.2176530808210373,0.3898109197616577,0.372660368680954
0.4753962755203247,0.24282000958919525,0.3840121626853943,0.36995968222618103
0.45085474848747253,0.2565110921859741,0.431261271238327,0.27776291966438293
0.4733717739582062,0.2361295223236084,0.39275580644607544,0.351580947637558
nan,nan,0.4213511645793915,0.34267985820770264
nan,nan,nan,nan
nan,nan,nan,nan
nan,nan,nan,nan
nan,nan,nan,nan
nan,nan,nan,nan
nan,nan,nan,nan
nan,nan,nan,nan
0.4548991918563843,0.22048568725585938,0.3902081251144409,0.36156749725341797
0.45990726351737976,0.24595744907855988,0.41603225469589233,0.34317508339881897
0.4555761516094208,0.2354164719581604,0.40503063797950745,0.34201014041900635
0.4638495147228241,0.21439868211746216,0.42472970485687256,0.3645251393318176
0.45782291889190674,0.22931694984436035,0.40141162276268005,0.36355194449424744
0.4638627767562866,0.24483385682106018,0.37160569429397583,0.3890860676765442
0.4556175172328949,0.23978208005428314,0.3912741541862488,0.36827918887138367
0.4757100045681,0.23379266262054443,0.4176018238067627,0.33807042241096497
nan,nan,0.41737911105155945,0.3523431122303009
0.4637194573879242,0.7038796544075012,0.4205532371997833,0.7568697929382324
0.4634723961353302,0.8050556182861328,0.41456806659698486,0.9056286811828613
0.4538770616054535,0.8089760541915894,nan,nan
0.45541664958000183,0.8063582181930542,nan,nan
0.4497235417366028,0.8163988590240479,nan,nan
0.45750191807746887,0.7972790598869324,nan,nan
0.4747964143753052,0.8067172169685364,nan,nan
0.45848461985588074,0.8050669431686401,0.403591126203537,0.9166369438171387
0.5118181109428406,0.7517597675323486,nan,nan
0.47629788517951965,0.7943972945213318,nan,nan
0.4577457308769226,0.8263102173805237,nan,nan
0.4672415554523468,0.8125690817832947,nan,nan
0.4690563976764679,0.5344892144203186,0.39053285121917725,0.6085637211799622
0.45245543122291565,0.24705025553703308,0.4010985493659973,0.3273029029369354
0.45243361592292786,0.2574322819709778,0.3950917720794678,0.35456231236457825
0.4502769112586975,0.2747640907764435,0.37185433506965637,0.3854292333126068
0.45446300506591797,0.24148812890052795,0.3620260953903198,0.4031006693840027
0.4616742730140686,0.2687321901321411,0.38874712586402893,0.32683247327804565
0.45820072293281555,0.2753092646598816,0.3625337779521942,0.37921425700187683
0.4610666036605835,0.2666088938713074,0.36730390787124634,0.38597410917282104
0.4653760492801666,0.2711308002471924,0.34751027822494507,0.3924899697303772
0.4471243619918823,0.265546590089798,0.35625097155570984,0.35679155588150024
0.43532681465148926,0.2679716944694519,0.3456425368785858,0.39781180024147034
0.3089507520198822,0.22989413142204285,0.25817522406578064,0.3120277225971222
0.3163228929042816,0.23593670129776,0.24987642467021942,0.34447789192199707
0.3204090893268585,0.23943592607975006,0.26099276542663574,0.3161109983921051
0.3210325539112091,0.22252610325813293,0.25365152955055237,0.3187323808670044
0.3263137638568878,0.22960114479064941,0.24182043969631195,0.3286557197570801
0.3286871314048767,0.2321605533361435,0.24647048115730286,0.3044474422931671
0.3196421265602112,0.21155230700969696,0.2614901065826416,0.28824174404144287
0.31842562556266785,0.2156772017478943,0.2516687512397766,0.32355692982673645
0.32169508934020996,0.21953418850898743,0.2586480379104614,0.2937983274459839
0.31966301798820496,0.21040786802768707,0.2665822505950928,0.30218490958213806
0.32141605019569397,0.20241375267505646,0.2729516327381134,0.3329657316207886
0.32501867413520813,0.21331003308296204,0.28178730607032776,0.3066968321800232
0.33444884419441223,0.21148858964443207,0.27087733149528503,0.3275696039199829
0.3102756142616272,0.1914059817790985,0.277267724275589,0.2855799198150635
0.31805092096328735,0.19032321870326996,0.2831830382347107,0.2503950297832489
0.31731468439102173,0.16508780419826508,0.28221818804740906,0.28830403089523315
0.31535226106643677,0.1962764859199524,0.268376886844635,0.32081931829452515
0.32407432794570923,0.19577737152576447,0.26185256242752075,0.317592054605484
0.3275625705718994,0.17802076041698456,0.28623315691947937,0.27196821570396423
0.44769540429115295,0.25481465458869934,0.37013670802116394,0.36900538206100464
0.3359801471233368,0.29951179027557373,0.3504682779312134,0.407150536775589
0.44471707940101624,0.2493562400341034,0.4019938111305237,0.3182782232761383
0.4532884359359741,0.23846685886383057,0.3722226023674011,0.36129969358444214
0.44912320375442505,0.21572616696357727,0.3623392581939697,0.3656555712223053
0.4425453543663025,0.2235451489686966,0.37245887517929077,0.37254488468170166
0.4399435818195343,0.2085960954427719,0.3725643455982208,0.3439180254936218
0.4417281150817871,0.25702306628227234,0.3582361340522766,0.3961309790611267
0.4403025209903717,0.24095812439918518,0.35392752289772034,0.39332157373428345
0.43323707580566406,0.23829714953899384,0.38057777285575867,0.3889976739883423
0.42317110300064087,0.2416187822818756,0.359447181224823,0.3866787552833557
0.4348836839199066,0.24901454150676727,0.35743144154548645,0.38960421085357666
0.445199579000473,0.2344037890434265,0.3577262759208679,0.38823816180229187
0.45038652420043945,0.23478761315345764,0.3648955523967743,0.3855777680873871
0.45091941952705383,0.23921754956245422,0.3590776026248932,0.38605040311813354
0.42987552285194397,0.21193282306194305,0.3709731996059418,0.3864375352859497
0.4492713510990143,0.23243893682956696,0.3613964319229126,0.40213456749916077
0.5492936968803406,0.4906300902366638,0.4964536428451538,0.5970348119735718
0.05587231367826462,0.90361088514328,0.49408888816833496,0.9094223976135254
0.5912470817565918,0.7796645760536194,0.5060922503471375,0.8966125845909119
-0.02191277965903282,0.9294684529304504,0.5123658180236816,0.9175914525985718
0.5769950151443481,0.7708613872528076,nan,nan
0.06972528994083405,0.7653958797454834,nan,nan
nan,nan,nan,nan
0.05520819127559662,0.9632924199104309,0.506721556186676,0.8940086364746094
0.5897525548934937,0.7651873826980591,nan,nan
0.4937761723995209,0.8340985774993896,nan,nan
0.5274084806442261,0.8500659465789795,nan,nan
0.5255608558654785,0.8171103000640869,nan,nan
0.5349926948547363,0.803352952003479,nan,nan
0.44215065240859985,0.8056098222732544,nan,nan
0.5210630893707275,0.8066790103912354,nan,nan
0.5183089375495911,0.8160468339920044,nan,nan
0.5242161154747009,0.8193190097808838,nan,nan
0.5344299674034119,0.806420624256134,nan,nan
0.5265509486198425,0.8169862031936646,nan,nan
0.5162672996520996,0.8178203105926514,nan,nan
0.4906412959098816,0.8244680762290955,nan,nan
0.49130678176879883,0.8265940546989441,nan,nan
0.4990745484828949,0.8373553156852722,nan,nan
0.4954428970813751,0.8302803635597229,nan,nan
0.5047732591629028,0.8408460021018982,nan,nan
0.5652147531509399,0.7169277667999268,nan,nan
0.5632081031799316,0.6999117136001587,0.47949135303497314,0.817335844039917
0.051007457077503204,0.9709720015525818,0.4748900532722473,0.8328990936279297
0.5825616717338562,0.7059160470962524,0.4804103970527649,0.8111421465873718
0.5964783430099487,0.6874016523361206,0.4760097563266754,0.8212679624557495
0.5830516815185547,0.708017885684967,0.4826105833053589,0.824805498123169
0.5869570970535278,0.7063264846801758,0.4810211658477783,0.819701611995697
0.559520423412323,0.7155354619026184,0.4692649841308594,0.9269132018089294
0.5782095193862915,0.7067997455596924,0.47841373085975647,0.8346864581108093
0.5884888172149658,0.7167192697525024,0.47875192761421204,0.830583393573761
0.5770097970962524,0.7075203061103821,0.5032140612602234,0.8352293372154236
0.577397346496582,0.705562949180603,0.4711073637008667,0.8464747667312622
0.5940679311752319,0.6948792934417725,0.4907463788986206,0.8433979749679565
0.5855679512023926,0.6916486024856567,0.46766409277915955,0.846936821937561
nan,nan,0.4743751585483551,0.8711785674095154
nan,nan,nan,nan
nan,nan,nan,nan
nan,nan,nan,nan
nan,nan,nan,nan
nan,nan,nan,nan
nan,nan,nan,nan
nan,nan,nan,nan
0.12473302334547043,0.8315861821174622,0.49370327591896057,0.7851635813713074
nan,nan,0.5107736587524414,0.8037283420562744
0.054190464317798615,0.8921332359313965,nan,nan
0.10367501527070999,0.8170281052589417,nan,nan
0.12466035038232803,0.8410502076148987,0.49837905168533325,0.7931341528892517
0.6208527088165283,0.6340488791465759,0.5164960622787476,0.8051961064338684
0.07394473254680634,0.7635733485221863,0.5251392722129822,0.7991911768913269
0.06267787516117096,0.7334573864936829,nan,nan
0.02142498455941677,0.9357983469963074,0.5041722059249878,0.7989165782928467
0.02168019488453865,0.6395394206047058,0.5252351760864258,0.801845133304596
nan,nan,0.5001269578933716,0.8080477118492126
0.0559135265648365,0.9346339702606201,0.5279862284660339,0.7950720191001892
0.07171903550624847,0.977523922920227,0.5223873853683472,0.809593677520752
0.06902363151311874,0.8980242609977722,0.5118247866630554,0.8135779500007629
0.08339159935712814,0.8289757370948792,0.5126427412033081,0.8130939602851868
0.10262423753738403,0.7799745202064514,0.5237268805503845,0.8206868171691895
0.031354017555713654,0.6966010928153992,0.6672385334968567,0.7683477997779846
0.7431561946868896,0.5983831882476807,0.6756138205528259,0.771461009979248
0.027742162346839905,0.7087804675102234,0.6758341193199158,0.767560601234436
0.022923432290554047,0.8201423287391663,0.6725453734397888,0.7487185597419739
0.0020284666679799557,0.8816625475883484,0.6835397481918335,0.7488279342651367
0.01914186216890812,0.9088621139526367,0.6610037088394165,0.7324603796005249
0.027188077569007874,0.8265337944030762,0.6722140908241272,0.7454938888549805
0.03948969766497612,0.7319037318229675,0.6674193739891052,0.7372848391532898
0.035507239401340485,0.7972763180732727,0.673710286617279,0.7374985218048096
0.038128387182950974,0.8894854187965393,0.6738696694374084,0.7604600191116333
0.05340265855193138,0.8980609178543091,0.6798883080482483,0.7604532837867737
0.04914408549666405,0.921421229839325,0.6837504506111145,0.7439358234405518
0.04007717967033386,0.7847211956977844,0.6799194812774658,0.7471597790718079
0.06038953736424446,0.78509122133255,0.6290239095687866,0.7695226073265076
0.08411169052124023,0.8116890788078308,0.49710243940353394,0.7949523329734802
0.603380024433136,0.6693904399871826,0.5064535140991211,0.8051151633262634
0.6070997714996338,0.6637516021728516,0.4918121099472046,0.8061146140098572
0.6152638792991638,0.6839724779129028,nan,nan
nan,nan,0.512631893157959,0.8038203120231628
0.12260971963405609,0.8300670981407166,0.49388638138771057,0.8042734861373901
0.10654982924461365,0.8435889482498169,0.48841455578804016,0.8017197251319885
0.5778816342353821,0.6787497401237488,0.510013222694397,0.7890278697013855
0.6128818988800049,0.6923307180404663,nan,nan
0.010744555853307247,0.8235530853271484,nan,nan
nan,nan,nan,nan
0.06547239422798157,0.8709033131599426,0.49588388204574585,0.7921617031097412
nan,nan,0.5881034135818481,1.189418911933899
nan,nan,nan,nan
nan,nan,nan,nan
nan,nan,nan,nan
nan,nan,nan,nan
nan,nan,nan,nan
nan,nan,nan,nan
1.08488929271698,0.8912274837493896,0.44942235946655273,0.7265527844429016
1.1635236740112305,0.6239016652107239,0.426063597202301,0.7351245880126953
0.5163282752037048,0.6330791115760803,0.4274083375930786,0.7193158268928528
0.5276058912277222,0.6473825573921204,0.44207897782325745,0.7179144620895386
1.1779686212539673,0.6127052307128906,0.4342704713344574,0.7261056303977966
1.178259015083313,0.6705113053321838,0.4619376063346863,0.7525284886360168
0.5472990274429321,0.6586626768112183,nan,nan
0.542819082736969,0.6598666906356812,nan,nan
0.5401981472969055,0.6489824056625366,0.45141589641571045,0.733680784702301
0.527390718460083,0.633315920829773,0.44112563133239746,0.7198156118392944
0.533957839012146,0.6456047296524048,0.44523558020591736,0.7252598404884338
0.5187408924102783,0.6731482148170471,0.4421525001525879,0.7356641888618469
1.1819846630096436,0.6137955784797668,0.457800030708313,0.7454679608345032
0.5346997380256653,0.6259315609931946,0.452836275100708,0.73223876953125
0.5172262787818909,0.6179576516151428,0.4469289183616638,0.7283108830451965
0.527816653251648,0.6393553018569946,0.44615787267684937,0.7251904606819153
0.4644278883934021,0.6981377601623535,0.3942772150039673,0.7921596169471741
0.46917107701301575,0.7137167453765869,0.38806214928627014,0.7842783331871033
0.42524510622024536,0.70020592212677,0.38761162757873535,0.7888287901878357
0.4196334779262543,0.6750006079673767,0.39556851983070374,0.790168821811676
0.4526776969432831,0.697369396686554,0.37597814202308655,0.7754501700401306
0.4596804976463318,0.6877400279045105,0.4040015935897827,0.8082497119903564
0.47822028398513794,0.7125840187072754,nan,nan
nan,nan,nan,nan
0.457473486661911,0.6768053770065308,0.3858288824558258,0.8072360157966614
0.47782838344573975,0.6938867568969727,0.39572441577911377,0.7875248193740845
0.46847963333129883,0.6938532590866089,0.3815343677997589,0.7461589574813843
0.47427961230278015,0.6989292502403259,0.39289167523384094,0.816173791885376
0.4758409559726715,0.7132077217102051,0.3950338065624237,0.8252844214439392
0.47504615783691406,0.7003185749053955,0.3822971284389496,0.7808992862701416
0.4738898277282715,0.7236166596412659,0.40201523900032043,0.7900184988975525
1.185705304145813,0.62139892578125,0.3923927843570709,0.8034523725509644
0.47345808148384094,0.708070695400238,0.3830653131008148,0.7765125632286072
0.48399049043655396,0.7065845131874084,0.3911806643009186,0.7666531205177307
0.48208966851234436,0.7083993554115295,0.39478805661201477,0.7905271053314209
0.4743201732635498,0.6926142573356628,0.39859774708747864,0.8172408938407898
0.47379449009895325,0.6946535706520081,0.39644312858581543,0.8018723726272583
0.4736735224723816,0.8272555470466614,nan,nan
nan,nan,nan,nan
0.48499101400375366,0.8525298833847046,0.3757953941822052,0.9928745627403259
0.47835874557495117,0.9750698208808899,nan,nan
0.4682499170303345,0.8519716858863831,nan,nan
0.46690070629119873,0.8591415286064148,nan,nan
nan,nan,nan,nan
0.45587417483329773,0.8429575562477112,0.3882156312465668,1.0069563388824463
0.4604927897453308,0.8612238168716431,nan,nan
0.4445955455303192,0.900428056716919,nan,nan
0.44837307929992676,0.8951419591903687,nan,nan
nan,nan,nan,nan
nan,nan,nan,nan
nan,nan,nan,nan
0.36858710646629333,0.9323737025260925,0.3656321167945862,1.040618896484375
0.44355079531669617,0.9098985195159912,nan,nan
nan,nan,nan,nan
0.44851332902908325,0.8958516716957092,0.37253013253211975,1.0498679876327515
0.4533340036869049,0.9865053296089172,nan,nan
0.4447822868824005,0.8924416899681091,nan,nan
0.4921782612800598,0.9580027461051941,nan,nan
0.5038691759109497,0.9508300423622131,nan,nan
0.4972619116306305,0.9558696150779724,nan,nan
nan,nan,nan,nan
0.4907723367214203,0.9559897780418396,nan,nan
0.5064479112625122,0.9598279595375061,nan,nan
0.49478110671043396,0.9590816497802734,nan,nan
nan,nan,nan,nan
nan,nan,nan,nan
nan,nan,nan,nan
0.49116963148117065,0.8693480491638184,0.3257954716682434,0.7204181551933289
1.1136047840118408,0.5359466671943665,0.33656013011932373,0.6475217938423157
0.5241995453834534,0.8237549662590027,0.4201520085334778,0.7738561034202576
0.5196090340614319,0.8233097791671753,0.29062357544898987,0.6112403273582458
0.5297136902809143,0.8255100250244141,0.445138543844223,0.7713760137557983
0.5174151062965393,0.826593279838562,0.3370434045791626,0.6088727712631226
0.519411027431488,0.8229550123214722,0.44430094957351685,0.7987061738967896
0.5217777490615845,0.8115739822387695,0.4528108835220337,0.7825266122817993
0.5243347883224487,0.8060649633407593,0.45351409912109375,0.7793475985527039
0.5254930853843689,0.8300532102584839,0.45175284147262573,0.8274004459381104
0.5210610032081604,0.813703715801239,0.46118298172950745,0.820023775100708
0.527306079864502,0.8581803441047668,0.409894734621048,0.6662625670433044
0.5182029008865356,0.937901496887207,0.2974849343299866,0.6250733733177185
0.5110911130905151,0.9284106492996216,0.2843155562877655,0.6383840441703796
0.5013386011123657,0.9087356925010681,0.4004821181297302,0.7128056287765503
0.5155568718910217,0.9376270771026611,0.4100685119628906,0.7275212407112122
0.4967765510082245,0.8983067870140076,0.40847480297088623,0.7401220798492432
0.494291216135025,0.9028717875480652,0.3834012746810913,0.7988429665565491
0.48900559544563293,0.8882789611816406,0.40778300166130066,0.8243036270141602
0.49802789092063904,0.881315290927887,nan,nan
0.49565115571022034,0.8989461660385132,0.29521557688713074,0.7111013531684875
0.5011394023895264,0.9050259590148926,0.40083613991737366,0.8389049768447876
0.4917246401309967,0.8885630965232849,0.2608003616333008,0.7028489112854004
0.4883618950843811,0.8925672769546509,0.31730008125305176,0.7230507135391235
0.4873104691505432,0.8828505873680115,0.3068248927593231,0.7668030261993408
0.4891270101070404,0.8850895762443542,0.3071898818016052,0.7407843470573425
0.5035117268562317,0.866899311542511,0.43801313638687134,0.9277204275131226
0.49732595682144165,0.8696327805519104,0.31230631470680237,0.7161769866943359
0.5084734559059143,0.8780710697174072,0.3740127682685852,0.7695831656455994
0.4954267740249634,0.8599909543991089,0.34967952966690063,0.7716280817985535
0.5091654062271118,0.8720737099647522,0.44035178422927856,0.8475180864334106
0.5032002925872803,0.8538318872451782,nan,nan
0.48990392684936523,0.8615936040878296,0.45355504751205444,0.89214688539505
0.49672919511795044,0.8674864172935486,nan,nan
nan,nan,nan,nan
0.5046809315681458,0.8422436118125916,nan,nan
0.5285069942474365,0.8572832345962524,nan,nan
nan,nan,0.4548473358154297,0.8201547861099243
nan,nan,nan,nan
nan,nan,0.5245388150215149,0.90251225233078
nan,nan,nan,nan
nan,nan,nan,nan
nan,nan,nan,nan
nan,nan,nan,nan
nan,nan,nan,nan
nan,nan,0.5366275310516357,0.9422553777694702
nan,nan,nan,nan
nan,nan,nan,nan
nan,nan,nan,nan
nan,nan,nan,nan
nan,nan,nan,nan
nan,nan,nan,nan
nan,nan,nan,nan
nan,nan,nan,nan
nan,nan,nan,nan
nan,nan,nan,nan
nan,nan,nan,nan
nan,nan,nan,nan
nan,nan,nan,nan
nan,nan,nan,nan
nan,nan,0.48616352677345276,0.9426813721656799
nan,nan,nan,nan
nan,nan,0.49458950757980347,0.9869605302810669
nan,nan,nan,nan
nan,nan,0.4786779582500458,0.974841833114624
nan,nan,nan,nan
nan,nan,0.4674614369869232,0.9805281758308411
nan,nan,nan,nan
nan,nan,0.5034607648849487,0.9227573275566101
nan,nan,nan,nan
nan,nan,nan,nan
nan,nan,0.5768964290618896,0.9031240344047546
0.6306703090667725,0.8648592829704285,nan,nan
nan,nan,nan,nan
0.6347846388816833,0.8562729358673096,nan,nan
nan,nan,nan,nan
0.6378963589668274,0.8586221933364868,0.5905668139457703,0.9086995124816895
0.6432967185974121,0.8756293654441833,0.6114669442176819,0.8814893364906311
0.6352179050445557,0.8602660894393921,0.5862783193588257,0.9266251921653748
0.6434192061424255,0.8663349151611328,0.5982561707496643,0.905253529548645
0.6410202980041504,0.8710273504257202,0.6498616933822632,0.8264530301094055
0.6362908482551575,0.8574790358543396,nan,nan
nan,nan,0.6269894242286682,0.8522259593009949
0.6312083601951599,0.8562202453613281,nan,nan
nan,nan,nan,nan
0.46427181363105774,0.8242337703704834,0.5969620943069458,0.907239556312561
0.6333745718002319,0.8570768237113953,0.5944477319717407,0.8977596759796143
0.623762845993042,0.8628633618354797,0.6302523016929626,0.8220794796943665
0.6943197250366211,1.341054081916809,0.6057283878326416,0.9529281258583069
nan,nan,nan,nan
nan,nan,nan,nan
nan,nan,nan,nan
nan,nan,nan,nan
0.7515964508056641,1.44411039352417,0.6097380518913269,1.0793836116790771
nan,nan,nan,nan
0.6719028353691101,0.8905972242355347,nan,nan
0.6755303144454956,0.8182216882705688,0.6190662980079651,0.9075285196304321
0.6920435428619385,0.7858101725578308,0.617549479007721,0.930586040019989
0.6605911254882812,0.7396188974380493,0.6352298855781555,0.9001282453536987
0.6810252070426941,0.7363450527191162,nan,nan
0.6690295934677124,0.7648627758026123,nan,nan
0.7698453068733215,0.6310840845108032,nan,nan
0.6536643505096436,0.6487297415733337,nan,nan
0.6802773475646973,0.5671387910842896,0.5999637246131897,0.7348744869232178
0.7052335739135742,0.5778985619544983,nan,nan
0.688970685005188,0.6101698279380798,0.6178246140480042,0.6999573707580566
1.137709140777588,0.7084830403327942,0.6258624196052551,0.7180279493331909
0.6552501320838928,0.56098473072052,0.6314955949783325,0.7308195233345032
0.691685140132904,0.6185096502304077,0.6198505163192749,0.7460911870002747
0.6662020087242126,0.5762320160865784,0.6226788759231567,0.7565491795539856
0.6754425168037415,0.5816462635993958,0.6358920335769653,0.705348789691925
0.665144681930542,0.5978673100471497,0.6042137145996094,0.7608193755149841
0.6778351664543152,0.6402732133865356,0.6176018118858337,0.7667795419692993
0.6574545502662659,0.6141871809959412,0.6294028759002686,0.7471320629119873
0.685096025466919,0.6177088022232056,nan,nan
0.6779914498329163,0.6408599019050598,nan,nan
0.672404408454895,0.6444754600524902,nan,nan
0.6625313758850098,0.5988001823425293,nan,nan
0.6886547207832336,0.6846662163734436,nan,nan
0.6711334586143494,0.6298678517341614,0.6277336478233337,0.6756594181060791
0.6779112815856934,0.6397448778152466,0.6248822212219238,0.657565176486969
0.4748239517211914,0.7060203552246094,nan,nan
0.47119760513305664,0.7136997580528259,0.3831620216369629,0.778926432132721
0.47916439175605774,0.7105822563171387,0.39809033274650574,0.7819081544876099
nan,nan,0.389284610748291,0.751895546913147
0.47721222043037415,0.6957592964172363,nan,nan
0.47144296765327454,0.7225404977798462,nan,nan
0.48151490092277527,0.7046995759010315,nan,nan
0.47963765263557434,0.6917966604232788,nan,nan
0.46710097789764404,0.6945078372955322,nan,nan
0.46194493770599365,0.7018396854400635,nan,nan
0.46826308965682983,0.7155077457427979,nan,nan
0.4802892804145813,0.7116343379020691,nan,nan
0.4664280414581299,0.7129778861999512,nan,nan
0.4833487868309021,0.7809925675392151,0.3947972357273102,0.7555860877037048
nan,nan,nan,nan
nan,nan,nan,nan
nan,nan,nan,nan
nan,nan,nan,nan
0.7005360722541809,1.1818112134933472,0.5984514355659485,0.9766202569007874
nan,nan,nan,nan
0.6074488162994385,0.9260141253471375,0.6131461262702942,0.9507696628570557
0.6118298172950745,0.8681665658950806,nan,nan
0.6045098304748535,0.857722818851471,nan,nan
0.6160929799079895,0.8638651967048645,nan,nan
0.6028154492378235,0.8442476391792297,nan,nan
0.6148757934570312,0.8445116877555847,nan,nan
0.6173635721206665,0.8632848262786865,nan,nan
0.606917679309845,0.861168622970581,nan,nan
0.6270608305931091,0.8482733368873596,nan,nan
0.6296977996826172,0.8482013940811157,nan,nan
0.6269083023071289,0.833993673324585,nan,nan
0.631187915802002,0.8720305562019348,nan,nan
0.6383146047592163,0.8615224361419678,nan,nan
0.6413295269012451,0.8691554665565491,nan,nan
0.6348892450332642,0.8554049134254456,nan,nan
0.6405230164527893,0.8513703346252441,nan,nan
0.6466289162635803,0.8651469945907593,nan,nan
0.6347124576568604,0.8462231755256653,nan,nan
0.6483401656150818,0.8466498851776123,nan,nan
0.6489505767822266,0.8478506207466125,nan,nan
0.6437084078788757,0.8411267399787903,nan,nan
0.6883893609046936,0.8387182354927063,nan,nan
0.6941763758659363,0.847065806388855,nan,nan
0.704106867313385,0.8451389074325562,nan,nan
0.7024427056312561,0.8565494418144226,nan,nan
0.6971110701560974,0.8461112380027771,nan,nan
nan,nan,nan,nan
0.7094292640686035,0.8593080639839172,0.643145740032196,1.0174347162246704
0.7003973126411438,0.8277425169944763,nan,nan
0.7116501927375793,0.8486277461051941,0.6160549521446228,1.0804206132888794
0.7041318416595459,0.8307086229324341,0.6578892469406128,0.9993902444839478
0.708149254322052,0.8117669820785522,nan,nan
0.722771406173706,0.8359375,nan,nan
0.7279289960861206,0.8506205677986145,nan,nan
0.6943814754486084,0.8273733258247375,nan,nan
0.7176746726036072,0.8257234692573547,nan,nan
nan,nan,nan,nan
nan,nan,nan,nan
nan,nan,nan,nan
nan,nan,nan,nan
nan,nan,nan,nan
nan,nan,nan,nan
nan,nan,nan,nan
nan,nan,nan,nan
0.4565328061580658,0.8546762466430664,0.3542473018169403,0.8553944230079651
0.42827683687210083,0.7847453355789185,0.3887241780757904,0.914525032043457
0.43485748767852783,0.7805652022361755,nan,nan
0.4360573887825012,0.7707967758178711,nan,nan
0.4389875829219818,0.785291850566864,nan,nan
0.44471994042396545,0.755906879901886,nan,nan
0.439697802066803,0.7469891309738159,nan,nan
0.4691764712333679,0.6989700794219971,nan,nan
1.1894617080688477,0.7060922384262085,nan,nan
0.4670906662940979,0.7007104754447937,nan,nan
0.4666286110877991,0.7072843313217163,0.4175395369529724,0.7811493873596191
0.4664246737957001,0.6922777891159058,nan,nan
0.46721044182777405,0.709530770778656,nan,nan
1.210609793663025,0.6907767653465271,0.408856064081192,0.8007839918136597
0.4608955979347229,0.7056387066841125,0.41420602798461914,0.7984121441841125
0.4639658033847809,0.7001488208770752,0.4058941900730133,0.7894717454910278
0.4682377576828003,0.7098535895347595,0.3980920910835266,0.7805593609809875
0.45644670724868774,0.7149118185043335,0.4099995791912079,0.7975460290908813
0.46937239170074463,0.7103038430213928,0.42354288697242737,0.8127984404563904
0.46577292680740356,0.7038046717643738,0.3850135803222656,0.7788134813308716
1.1931873559951782,0.6452140808105469,0.3957121670246124,0.7758486270904541
0.46361127495765686,0.6991601586341858,0.3918711245059967,0.7804396152496338
0.450643926858902,0.7278827428817749,0.4100423753261566,0.7952812910079956
1.1548819541931152,0.5784419775009155,0.4043729901313782,0.7960128784179688
0.6764665246009827,0.6776917576789856,0.6711762547492981,0.8626575469970703
0.7033491730690002,0.7047792077064514,0.6473664045333862,0.8305091261863708
0.68545001745224,0.6839181184768677,0.6701650619506836,0.8306912779808044
0.7142691612243652,0.7365320324897766,0.6493377685546875,0.8628410696983337
0.703296959400177,0.7147812247276306,0.6538000106811523,0.8734938502311707
0.6990127563476562,0.7094422578811646,nan,nan
0.715776801109314,0.7329158782958984,nan,nan
0.706974446773529,0.7022510766983032,nan,nan
0.7229991555213928,0.6002320647239685,nan,nan
0.9573614001274109,0.6828451752662659,nan,nan
1.0018411874771118,0.660317063331604,0.6642968058586121,0.7279048562049866
1.0188145637512207,0.5569576025009155,0.6553520560264587,0.7591693997383118
nan,nan,0.6748045682907104,0.6995894908905029
nan,nan,0.6687052845954895,0.71700119972229
0.7755581140518188,0.5685130953788757,0.6699243187904358,0.7333765029907227
nan,nan,0.6677831411361694,0.7139535546302795
nan,nan,0.6746482253074646,0.7113713026046753
nan,nan,0.6588067412376404,0.7473748326301575
nan,nan,0.6641597747802734,0.7203829288482666
nan,nan,0.6527731418609619,0.7250450849533081
nan,nan,0.6607249975204468,0.745439350605011
nan,nan,0.6683143377304077,0.7028120160102844
nan,nan,0.6594017148017883,0.7682890892028809
nan,nan,0.6849302649497986,0.7214957475662231
nan,nan,0.6526812314987183,0.7325941920280457
0.7469731569290161,0.593882143497467,0.6635757684707642,0.6994022130966187
0.7573121190071106,0.5690881609916687,0.6707085967063904,0.7077063918113708
0.7488624453544617,0.6002057194709778,0.6758092045783997,0.7146013975143433
0.6641372442245483,0.8572430610656738,nan,nan
0.6700659394264221,0.8453716039657593,nan,nan
nan,nan,nan,nan
0.6635470986366272,0.830990195274353,0.6212491989135742,0.9847307801246643
0.662642240524292,0.8560215830802917,0.6384525895118713,0.9855853915214539
0.6619307994842529,0.8204543590545654,0.6381863355636597,0.9911229610443115
0.6744787096977234,0.8584077954292297,0.6385672688484192,1.0025197267532349
0.6698184609413147,0.8391388654708862,0.6482366323471069,1.0056276321411133
0.6723988056182861,0.8651994466781616,0.6380466222763062,1.012548804283142
0.6125015020370483,0.9401940107345581,0.63471519947052,1.0090851783752441
nan,nan,nan,nan
nan,nan,nan,nan
nan,nan,nan,nan
nan,nan,nan,nan
nan,nan,nan,nan
0.7570520639419556,1.4500728845596313,0.6463138461112976,1.1611782312393188
nan,nan,nan,nan
0.7118307948112488,0.9604270458221436,0.6652660369873047,1.0160980224609375
0.3886541724205017,0.8588125705718994,nan,nan
nan,nan,nan,nan
0.6711158752441406,0.828467607498169,0.6619154810905457,1.0362683534622192
0.696998655796051,0.847701907157898,0.6615856885910034,1.0330708026885986
0.6863129138946533,0.861716091632843,nan,nan
0.6967799067497253,0.8531743288040161,nan,nan
0.691174328327179,0.8609376549720764,nan,nan
0.5898478627204895,0.8391748070716858,nan,nan
0.4034208357334137,0.8073890209197998,nan,nan
0.4209175705909729,0.8124945163726807,nan,nan
0.4179643392562866,0.7935763001441956,nan,nan
nan,nan,nan,nan
nan,nan,nan,nan
0.4312988519668579,0.8065361976623535,0.36938604712486267,0.9335522055625916
0.42120161652565,0.8227466940879822,nan,nan
nan,nan,nan,nan
0.42112988233566284,0.8000367879867554,nan,nan
0.43940645456314087,0.7547711730003357,nan,nan
1.1750487089157104,0.5780566334724426,nan,nan
0.4776751697063446,0.7104482650756836,nan,nan
0.47010067105293274,0.705449640750885,0.40493297576904297,0.7504623532295227
0.47329968214035034,0.69371098279953,0.4111259877681732,0.7618572115898132
0.48016324639320374,0.7019960284233093,0.40417924523353577,0.7900102138519287
0.4681338965892792,0.6947062611579895,0.404877245426178,0.7842825055122375
0.4745544493198395,0.7061477899551392,0.3909301161766052,0.7900575995445251
0.47371596097946167,0.7050295472145081,0.3855360448360443,0.7524917721748352
0.4757843017578125,0.7073639631271362,0.39527520537376404,0.766997754573822
0.4732954502105713,0.7000272870063782,0.39765915274620056,0.7752237915992737
0.4790361523628235,0.7144103050231934,nan,nan
0.47376754879951477,0.6997493505477905,nan,nan
0.47147148847579956,0.7110487818717957,nan,nan
1.158584475517273,0.4387088716030121,nan,nan
0.4764987826347351,0.7113199830055237,0.3900848925113678,0.7542456388473511
0.4091394245624542,0.5783849954605103,0.33460235595703125,0.6592075228691101
0.3799583315849304,0.5357939004898071,0.2803499102592468,0.5910974144935608
0.39223605394363403,0.5371906757354736,0.304405152797699,0.6179726123809814
0.3761231303215027,0.5554983615875244,0.29588258266448975,0.5939237475395203
0.3894806206226349,0.5561574697494507,0.29665982723236084,0.5676879286766052
0.4278702735900879,0.5674906373023987,0.38055941462516785,0.6399728059768677
nan,nan,nan,nan
nan,nan,nan,nan
nan,nan,nan,nan
nan,nan,nan,nan
nan,nan,nan,nan
nan,nan,nan,nan
nan,nan,nan,nan
nan,nan,nan,nan
nan,nan,nan,nan
nan,nan,nan,nan
nan,nan,nan,nan
nan,nan,nan,nan
nan,nan,nan,nan
0.7175227999687195,0.9222249388694763,0.6708315014839172,1.1270360946655273
0.7155352234840393,0.9236015677452087,0.6956195831298828,1.1187020540237427
0.7193433046340942,0.9167317748069763,0.7036112546920776,1.1076377630233765
0.7273437976837158,0.9269095063209534,0.6799140572547913,1.1130130290985107
0.734070360660553,0.9267356991767883,0.690213143825531,1.100113868713379
0.7284785509109497,0.8855059146881104,0.6741591691970825,1.131525993347168
0.7219468355178833,0.9282289743423462,0.6946980357170105,1.1174073219299316
0.47711190581321716,0.803634762763977,nan,nan
nan,nan,nan,nan
0.4423238933086395,0.7766161561012268,0.33140087127685547,1.0070282220840454
0.4512431025505066,0.7720468044281006,0.3307619094848633,0.8492868542671204
0.41114509105682373,0.7572494745254517,nan,nan
0.44634008407592773,0.7478733658790588,nan,nan
0.44541871547698975,0.7728716135025024,nan,nan
0.4589279890060425,0.7041411995887756,nan,nan
0.47427335381507874,0.6781018376350403,nan,nan
0.48128795623779297,0.6832302212715149,nan,nan
0.4769587814807892,0.6798041462898254,nan,nan
0.4710090458393097,0.679831326007843,nan,nan
0.4773169159889221,0.6782242059707642,nan,nan
1.082872748374939,0.4742746651172638,nan,nan
0.6799388527870178,0.5773040652275085,nan,nan
0.6982572078704834,0.5939763188362122,0.6533418893814087,0.7615514397621155
0.7065057158470154,0.609408974647522,nan,nan
0.6922163963317871,0.6203263401985168,0.6855865716934204,0.7370448708534241
0.6995090246200562,0.5917949080467224,0.6353374719619751,0.7802771925926208
0.703787624835968,0.5948743224143982,0.6462284922599792,0.7907050251960754
0.7092740535736084,0.6262089014053345,0.6489695310592651,0.7533637881278992
0.7030664086341858,0.5772915482521057,0.6593325734138489,0.7104572057723999
0.6912881135940552,0.5787575244903564,0.6545600891113281,0.676891028881073
0.6858106255531311,0.5306994915008545,0.6478988528251648,0.7030254006385803
nan,nan,nan,nan
nan,nan,nan,nan
nan,nan,nan,nan
nan,nan,nan,nan
0.3712894320487976,0.5385167002677917,0.29308485984802246,0.23155127465724945
nan,nan,nan,nan
0.3350854814052582,0.23528695106506348,0.2572190463542938,0.3096189796924591
0.32096704840660095,0.23383060097694397,0.21361365914344788,0.2657345235347748
0.3164961040019989,0.22558945417404175,0.23829184472560883,0.3048793077468872
0.34002676606178284,0.21266230940818787,0.20250563323497772,0.28779086470603943
0.33691656589508057,0.23010076582431793,0.2611760199069977,0.31274229288101196
0.3173964023590088,0.23617304861545563,0.2486976981163025,0.31157705187797546
0.2988731861114502,0.22454100847244263,0.21987229585647583,0.2858617305755615
0.33110567927360535,0.20144277811050415,0.24532060325145721,0.287325382232666
0.3346034288406372,0.2156391143798828,0.22695879638195038,0.27958792448043823
0.28672468662261963,0.21980294585227966,0.27026522159576416,0.29927492141723633
0.30256348848342896,0.2025635838508606,0.22154752910137177,0.28063470125198364
0.3168943226337433,0.21679161489009857,0.2284143716096878,0.24871253967285156
0.33212509751319885,0.19614826142787933,0.22152219712734222,0.27979424595832825
0.3068733811378479,0.21481041610240936,0.23606622219085693,0.24404367804527283
0.5031387209892273,0.6103147864341736,0.5097347497940063,0.7521166801452637
0.4991632401943207,0.6069007515907288,0.48410624265670776,0.7618574500083923
0.5033873915672302,0.614062488079071,0.5088268518447876,0.7701613903045654
0.4743342399597168,0.6286977529525757,0.49494752287864685,0.7312716841697693
0.5005927681922913,0.6288082003593445,0.5026904940605164,0.7891045212745667
1.156110167503357,0.462618887424469,0.48636358976364136,0.7895950675010681
0.49208807945251465,0.6065835356712341,0.4974667727947235,0.7434711456298828
1.1242417097091675,0.5428821444511414,0.4974267780780792,0.7645142674446106
0.49561840295791626,0.6430571675300598,0.47271981835365295,0.7896845936775208
0.42055246233940125,0.671465277671814,0.3828880190849304,0.7618511319160461
0.420450359582901,0.6776726245880127,0.39947277307510376,0.7954022884368896
0.41647180914878845,0.6822268962860107,0.4040057957172394,0.795692503452301
0.4173426926136017,0.6736623048782349,0.3787553906440735,0.7596136927604675
0.4170762300491333,0.671951413154602,0.3380054533481598,0.719340443611145
0.4188752770423889,0.658035397529602,0.3770328760147095,0.7519509196281433
0.4125608205795288,0.6742905378341675,0.39128416776657104,0.7524701952934265
0.4897378981113434,0.6200532913208008,nan,nan
0.5043480396270752,0.6209897994995117,0.46814557909965515,0.7112299203872681
1.1725738048553467,0.5929836630821228,0.4729883074760437,0.722823977470398
1.1537996530532837,0.5853809714317322,0.4658519923686981,0.7438458800315857
1.1878715753555298,0.566403865814209,0.47787320613861084,0.7081724405288696
0.464543879032135,0.623310923576355,0.4495430886745453,0.6917418241500854
1.1557762622833252,0.5049915909767151,0.4773534834384918,0.7295655608177185
0.4709399938583374,0.6365035176277161,0.4629121720790863,0.6940532922744751
0.4962550699710846,0.6292805075645447,0.4698029160499573,0.755037784576416
0.5022665858268738,0.6228457093238831,0.48084625601768494,0.7684745192527771
0.4932217299938202,0.6234928369522095,0.47862693667411804,0.7388190031051636
0.4796917140483856,0.6321200132369995,0.4587242603302002,0.6935395002365112
0.47136884927749634,0.5951530337333679,0.4619857966899872,0.6976941823959351
nan,nan,nan,nan
nan,nan,nan,nan
nan,nan,nan,nan
nan,nan,nan,nan
nan,nan,nan,nan
nan,nan,nan,nan
0.3614884912967682,1.0343538522720337,0.5658630132675171,0.6381214261054993
nan,nan,nan,nan
1.1808655261993408,0.5592396855354309,0.5103389024734497,0.44283369183540344
0.5117313861846924,0.5438718795776367,0.5216472148895264,0.5818505883216858
0.5215674042701721,0.568339467048645,0.5126545429229736,0.6454870700836182
0.5025613903999329,0.5575467348098755,0.5177357196807861,0.6280065774917603
0.5117684006690979,0.561803936958313,0.49099886417388916,0.5475633144378662
0.5336018204689026,0.5710799098014832,0.5287166237831116,0.5330528020858765
0.5112414956092834,0.5834425091743469,0.5522745251655579,0.5161551833152771
0.5164394378662109,0.8626354336738586,nan,nan
0.5254723429679871,0.8210713267326355,nan,nan
0.5413239598274231,0.816242516040802,nan,nan
0.5358871221542358,0.8247224688529968,nan,nan
0.5401673316955566,0.823404848575592,nan,nan
0.5263471603393555,0.8329117298126221,nan,nan
0.5382386445999146,0.8052342534065247,nan,nan
0.5324035286903381,0.8217355608940125,nan,nan
0.5398043990135193,0.7972990870475769,nan,nan
0.5351660251617432,0.8157795667648315,nan,nan
0.54075688123703,0.8203083872795105,nan,nan
0.5270522832870483,0.8224024772644043,nan,nan
0.5296195149421692,0.8228061199188232,nan,nan
0.5235918164253235,0.8132555484771729,nan,nan
0.5341057181358337,0.8149242997169495,nan,nan
0.530683696269989,0.8295801281929016,nan,nan
0.5390802025794983,0.8139135837554932,nan,nan
0.5301933288574219,0.8090837597846985,nan,nan
0.5437082648277283,0.8043814301490784,nan,nan
0.5369266867637634,0.8163526058197021,nan,nan
0.5433828234672546,0.7958337068557739,nan,nan
nan,nan,nan,nan
0.44581663608551025,0.7291225790977478,0.371280312538147,0.8388605713844299
0.4594673216342926,0.7040084004402161,0.40854883193969727,0.8509864211082458
0.44918060302734375,0.7103288173675537,0.4117596745491028,0.784683883190155
0.4469769597053528,0.6988467574119568,0.417522668838501,0.789595901966095
0.44742634892463684,0.6843259930610657,nan,nan
0.4505457580089569,0.7065306901931763,nan,nan
0.4545023739337921,0.6877997517585754,nan,nan
0.45112401247024536,0.704940140247345,nan,nan
0.45549657940864563,0.715142011642456,nan,nan
0.4546789526939392,0.6909133791923523,nan,nan
0.47961097955703735,0.6555317640304565,nan,nan
0.4852697551250458,0.6471562385559082,nan,nan
0.48959022760391235,0.649284303188324,nan,nan
0.48782774806022644,0.6508156061172485,nan,nan
0.48677513003349304,0.6418044567108154,nan,nan
0.4792141318321228,0.640094518661499,nan,nan
0.48976534605026245,0.6345483660697937,0.4567556083202362,0.7401864528656006
0.4697869122028351,0.650026798248291,0.445008784532547,0.7589691877365112
0.4516896903514862,0.6726124882698059,0.44984886050224304,0.7455043196678162
0.45096316933631897,0.6170691251754761,0.38535723090171814,0.734316349029541
0.4406808316707611,0.6245707869529724,0.44413530826568604,0.7798157930374146
0.3059082329273224,1.3056384325027466,0.20758621394634247,1.0262147188186646
nan,nan,nan,nan
nan,nan,nan,nan
nan,nan,nan,nan
0.5202389359474182,0.9956367611885071,0.4450014531612396,0.7908463478088379
nan,nan,nan,nan
0.9522777795791626,0.7686324119567871,0.3558059632778168,0.6389689445495605
0.9514521360397339,0.7971974015235901,0.337763249874115,0.6238909363746643
0.6011239290237427,0.766464352607727,0.35140132904052734,0.6077481508255005
0.9877533912658691,0.804609477519989,0.38773155212402344,0.6456174254417419
0.9741940498352051,0.6762679815292358,0.3654460608959198,0.6379777789115906
0.6101558804512024,0.7858200669288635,0.4310188889503479,0.7223725318908691
0.45497509837150574,0.6271237730979919,0.42458444833755493,0.7355941534042358
0.3297394812107086,0.35697102546691895,0.2969222068786621,0.4707644581794739
0.30750352144241333,0.1842723935842514,0.20636756718158722,0.2763693928718567
0.31288471817970276,0.18954969942569733,0.21012113988399506,0.26507723331451416
0.302682101726532,0.1732189804315567,0.19438982009887695,0.26136669516563416
0.2704748809337616,0.17666637897491455,0.21061134338378906,0.2742865979671478
0.299329936504364,0.16765859723091125,0.19584715366363525,0.2522578239440918
0.2736419141292572,0.17483335733413696,0.1889936774969101,0.22635255753993988
0.26805371046066284,0.14730842411518097,0.1516539454460144,0.23272715508937836
0.2866267263889313,0.1849360316991806,0.18157242238521576,0.27348610758781433
0.2613455355167389,0.15468338131904602,0.17752884328365326,0.22028686106204987
0.3373989164829254,0.19611534476280212,0.3062632083892822,0.2835633158683777
0.47092491388320923,0.07689952105283737,0.4469900131225586,0.1609114706516266
0.49370425939559937,0.05325927957892418,0.4518722593784332,0.15570159256458282
0.4754805564880371,0.05238783732056618,0.47160598635673523,0.1562802940607071
0.4869726598262787,0.0750492513179779,0.4741402268409729,0.21674661338329315
0.5018472671508789,0.06597422808408737,0.47135129570961,0.17392100393772125
0.46061429381370544,0.042427368462085724,0.43751925230026245,0.15344013273715973
nan,nan,0.4183068871498108,0.1631927192211151
0.4683145582675934,0.05984460562467575,0.4009328782558441,0.13267220556735992
0.4654676616191864,0.0496361069381237,0.41486451029777527,0.14506304264068604
0.46885380148887634,0.04955654218792915,0.4244758188724518,0.16141261160373688
0.4628473222255707,0.015194928273558617,0.4359280467033386,0.16307182610034943
nan,nan,0.41141611337661743,0.1476975679397583
0.9790964722633362,0.5015052556991577,0.6514917612075806,0.539508581161499
0.6877540349960327,0.6327875256538391,0.6321086287498474,0.7624539732933044
0.6581664085388184,0.5903213620185852,0.6528027057647705,0.7119669914245605
0.6632927656173706,0.6112916469573975,0.6748531460762024,0.7298068404197693
0.657038152217865,0.6210663318634033,0.6734554767608643,0.698082447052002
0.6626288890838623,0.6063735485076904,0.6700552701950073,0.7330742478370667
0.6595087051391602,0.61309814453125,0.6696812510490417,0.7425075173377991
0.6679001450538635,0.6318985819816589,0.6414384841918945,0.7637359499931335
0.6690884232521057,0.6008676886558533,0.6673637628555298,0.7643737196922302
1.036819577217102,0.6066592335700989,0.6408116221427917,0.6999739408493042
0.6434695720672607,0.5090204477310181,0.665940523147583,0.6830060482025146
0.8310304880142212,0.513845682144165,0.6528001427650452,0.6494242548942566
0.643530011177063,0.5512889623641968,0.6459038257598877,0.6832560896873474
0.638227105140686,0.5578632950782776,0.6354882717132568,0.7153083682060242
0.8853333592414856,0.5473368167877197,0.643947422504425,0.6689397096633911
0.6353015303611755,0.5391935110092163,0.641836941242218,0.699023962020874
nan,nan,0.5052133798599243,0.7381837964057922
0.41458526253700256,0.6190409064292908,nan,nan
0.43524569272994995,0.645569384098053,nan,nan
nan,nan,0.4170135259628296,0.718264102935791
0.4196169674396515,0.6256241798400879,0.4230613708496094,0.7334998250007629
0.42568331956863403,0.6490782499313354,0.3978109657764435,0.6940928101539612
0.41494613885879517,0.6381859183311462,0.40643006563186646,0.7313632965087891
0.3862716555595398,0.6360929012298584,0.37887006998062134,0.6765742897987366
0.4271644055843353,0.6484034657478333,0.40643495321273804,0.7195966839790344
0.4196898937225342,0.6408829092979431,0.40357059240341187,0.7056750655174255
0.4013049304485321,0.6252787113189697,0.38662901520729065,0.6786016225814819
0.4324244260787964,0.6271325349807739,0.39725741744041443,0.7032047510147095
0.42695316672325134,0.6349001526832581,0.39949148893356323,0.7182938456535339
0.4058952331542969,0.6337058544158936,0.4046286642551422,0.7229191660881042
0.08622104674577713,1.1082371473312378,0.43999719619750977,0.7545431852340698
nan,nan,nan,nan
nan,nan,nan,nan
nan,nan,nan,nan
nan,nan,nan,nan
-0.1877797693014145,1.2000484466552734,0.559327244758606,0.8439509272575378
nan,nan,0.567473292350769,0.750357449054718
nan,nan,nan,nan
-0.1799975484609604,0.7363263368606567,0.6375203728675842,0.7919230461120605
nan,nan,0.46954548358917236,0.7509377598762512
0.2943492829799652,0.5367101430892944,0.34023982286453247,0.7295325398445129
0.2939581274986267,0.5456423163414001,0.34464314579963684,0.6969964504241943
0.28267279267311096,0.5450496673583984,0.36171016097068787,0.6891686320304871
0.2724531888961792,0.5678088068962097,0.3576345145702362,0.6753705739974976
0.2919639050960541,0.5242370367050171,0.34515464305877686,0.6441238522529602
0.2824455797672272,0.5299507975578308,0.3476320207118988,0.688451886177063
0.2860737442970276,0.5129643678665161,0.3212381601333618,0.6987308859825134
0.4077061414718628,0.4501420557498932,0.45344308018684387,0.6715419292449951
nan,nan,0.6921057105064392,0.6962682604789734
nan,nan,0.698289155960083,0.6929667592048645
-0.048977889120578766,0.558208703994751,0.7011368870735168,0.682022213935852
nan,nan,0.777998149394989,0.7341883778572083
-0.06847649812698364,0.8860353827476501,0.7605751752853394,0.6909050941467285
-0.07402414828538895,0.8341392278671265,0.7546889185905457,0.6969181895256042
-0.11622563749551773,0.9830352663993835,0.7587952017784119,0.7172634601593018
-0.11072051525115967,0.9983354806900024,0.6919715404510498,0.6985832452774048
nan,nan,0.6478358507156372,0.685351550579071
0.47830870747566223,0.3295578062534332,0.4640556573867798,0.4222615957260132
0.0016855989815667272,0.966223955154419,0.4601108133792877,0.41770294308662415
0.5194863080978394,0.3411751687526703,0.46989914774894714,0.42295631766319275
0.5125613808631897,0.32186052203178406,0.5092573761940002,0.4396476745605469
0.13362784683704376,1.1534969806671143,0.4956774115562439,0.471773236989975
0.5212673544883728,0.29994988441467285,0.48644402623176575,0.4606231451034546
nan,nan,0.48961520195007324,0.4701623320579529
0.5177305340766907,0.31730732321739197,0.4640863835811615,0.4697146415710449
0.48873811960220337,0.3232613801956177,nan,nan
0.44503122568130493,0.3976224362850189,0.4572778344154358,0.36382701992988586
nan,nan,0.5034996271133423,0.9046475291252136
nan,nan,0.7945852279663086,1.150809645652771
nan,nan,nan,nan
nan,nan,nan,nan
nan,nan,nan,nan
nan,nan,nan,nan
nan,nan,nan,nan
nan,nan,nan,nan
0.41842320561408997,0.07416565716266632,0.46085378527641296,0.2767574191093445
0.2759959399700165,0.2678647041320801,0.4404139518737793,0.30861127376556396
nan,nan,nan,nan
0.32317766547203064,0.05566637963056564,0.403321772813797,0.20538781583309174
0.32193723320961,0.014414182864129543,0.38868895173072815,0.2213747799396515
0.3288330137729645,0.024752521887421608,0.38816988468170166,0.21146786212921143
0.3338712751865387,0.03553134948015213,-0.6765444874763489,-0.07958542555570602
0.34371528029441833,0.04277637228369713,0.36529797315597534,0.2120267152786255
0.33903729915618896,0.011015216819941998,0.3808940649032593,0.19963212311267853
0.3311977982521057,0.029868092387914658,0.3670635223388672,0.23055511713027954
0.3332664966583252,0.05692531168460846,0.38377609848976135,0.21889324486255646
0.35475295782089233,0.0487578883767128,0.3665512800216675,0.23111487925052643
0.3556431233882904,0.01831558719277382,0.3732183873653412,0.2270110696554184
0.34808892011642456,0.04363969713449478,0.3660033643245697,0.20849013328552246
0.5237610936164856,0.36509162187576294,nan,nan
nan,nan,0.803608775138855,0.7105448842048645
-0.11339804530143738,0.8432208895683289,0.7959883213043213,0.7320244312286377
0.6411053538322449,0.6303431391716003,0.6404582262039185,0.7316886186599731
-0.13172699511051178,0.9423965811729431,0.7999550700187683,0.7306187748908997
nan,nan,-0.3880113661289215,0.7277114987373352
-0.12718091905117035,1.0142697095870972,0.800834596157074,0.737282931804657
-0.11529552936553955,0.9222553372383118,0.7908788323402405,0.7510757446289062
-0.17640547454357147,0.9852986931800842,0.8284403085708618,0.6763073801994324
-0.1036459282040596,0.6535387635231018,0.8420590162277222,0.6846807599067688
-0.1470480114221573,0.9866014719009399,0.8262251615524292,0.6889756917953491
nan,nan,0.8211721777915955,0.6900567412376404
0.7758231163024902,0.5217140316963196,0.814776599407196,0.6959402561187744
0.6647836565971375,0.5212171673774719,0.7014074325561523,0.6816537380218506
0.675735592842102,0.5529903769493103,0.6361940503120422,0.7705084681510925
0.6599539518356323,0.5309516787528992,0.6626675724983215,0.7189222574234009
0.44237223267555237,0.5773651003837585,0.44788891077041626,0.7091143727302551
0.4339308738708496,0.591776430606842,0.41911911964416504,0.6959113478660583
1.1551748514175415,0.6103159189224243,0.42744746804237366,0.7035006284713745
0.39595693349838257,0.6146183013916016,0.4479261636734009,0.760322093963623
0.41092512011528015,0.6022056341171265,0.4329559803009033,0.7140026688575745
0.42707234621047974,0.6033632159233093,0.421836256980896,0.7079465985298157
0.4393543601036072,0.6233841776847839,0.44833165407180786,0.7414214611053467
0.4295963943004608,0.6250452399253845,0.43434709310531616,0.709983766078949
0.39198216795921326,0.5814142227172852,0.45635947585105896,0.72837233543396
0.39108651876449585,0.6406605243682861,0.4258842468261719,0.6986168026924133
0.4034421443939209,0.6184458136558533,nan,nan
0.43872183561325073,0.6230478882789612,nan,nan
0.4380548894405365,0.6169063448905945,0.4569412171840668,0.7195501327514648
0.4337772727012634,0.5920762419700623,0.4395752549171448,0.7463415265083313
0.3868890404701233,0.6183231472969055,0.4312848150730133,0.7049044966697693
0.4004029929637909,0.6120684146881104,0.4365164637565613,0.7157486081123352
0.42583584785461426,0.6036059260368347,0.44197195768356323,0.7484303712844849
0.4097297787666321,0.613379180431366,nan,nan
0.4276551306247711,0.602536141872406,0.4517480134963989,0.7694791555404663
0.41760581731796265,0.5973392724990845,0.4442059099674225,0.7365323901176453
0.6904090642929077,0.475979745388031,0.7010626792907715,0.6584522724151611
nan,nan,0.7066375613212585,0.6538950800895691
0.6994353532791138,0.47761380672454834,0.6914780735969543,0.6779347062110901
0.6945030689239502,0.46525976061820984,0.6864979863166809,0.695370614528656
0.7106966376304626,0.4865104556083679,0.6892999410629272,0.7097765207290649
0.7202642560005188,0.46307292580604553,0.6922605633735657,0.6878562569618225
0.6814066171646118,0.48689571022987366,0.6907064318656921,0.6663904190063477
0.2841587960720062,0.19476467370986938,0.34268003702163696,-0.400358110666275
0.2414267212152481,0.15317660570144653,0.17104646563529968,0.26797956228256226
0.22738154232501984,0.14292511343955994,0.17061854898929596,0.26083239912986755
0.23561431467533112,0.1326470673084259,0.1659027338027954,0.2396564930677414
0.25479739904403687,0.16036519408226013,0.1593741774559021,0.2767921984195709
0.29024437069892883,0.30820971727371216,0.15774959325790405,0.2204970121383667
nan,nan,nan,nan
nan,nan,nan,nan
nan,nan,nan,nan
nan,nan,nan,nan
0.23085156083106995,-0.8997712731361389,0.23435623943805695,0.08896539360284805
0.2756366431713104,0.08276920020580292,0.2391742318868637,0.10177452862262726
nan,nan,nan,nan
0.2934257388114929,0.13373185694217682,0.28850725293159485,0.21678882837295532
0.28164908289909363,0.1312367022037506,0.28356286883354187,0.1941218227148056
1.2637040615081787,0.46301352977752686,0.2798313498497009,0.23039290308952332
0.28817495703697205,0.1283731311559677,0.2606770098209381,0.2098928689956665
0.285457044839859,0.1314723938703537,0.24804744124412537,0.21158063411712646
0.282959520816803,0.12896351516246796,0.26552313566207886,0.22218544781208038
0.2778245508670807,0.12061497569084167,0.2988991439342499,0.22381915152072906
0.29587212204933167,0.11676754802465439,0.3036749064922333,0.24334830045700073
0.26046162843704224,0.14242573082447052,0.30106934905052185,0.25373542308807373
0.28703537583351135,0.14029911160469055,0.3114648461341858,0.2509814500808716
0.5099992156028748,0.47348490357398987,0.577537477016449,0.609176754951477
0.6103783845901489,0.586286187171936,0.6511850357055664,0.7556846141815186
0.6088879704475403,0.5816466212272644,0.6503942012786865,0.7638368606567383
0.6409880518913269,0.5831764340400696,0.6498227715492249,0.7215315699577332
0.6159149408340454,0.5704981684684753,0.6321927309036255,0.7681542634963989
0.6361878514289856,0.5854364633560181,0.6877812743186951,0.7147179245948792
0.6403887867927551,0.5927587747573853,0.6532971858978271,0.7420653104782104
0.6258246898651123,0.587419867515564,0.6611842513084412,0.7251153588294983
0.6496078372001648,0.6195506453514099,0.6360424757003784,0.7613962292671204
0.6492810845375061,0.5852476358413696,0.6826240420341492,0.7258747816085815
0.6583962440490723,0.5727898478507996,0.6646674871444702,0.7073987126350403
0.6905742287635803,0.49101531505584717,0.6801875233650208,0.7341771721839905
0.6730220913887024,0.4440310597419739,0.6871452331542969,0.7642820477485657
0.7007319927215576,0.4792576730251312,0.6897408962249756,0.7260248064994812
0.6908424496650696,0.47925683856010437,0.69150310754776,0.7439016699790955
0.721661388874054,0.5040895342826843,0.6821454763412476,0.7330317497253418
0.7044360637664795,0.5141801238059998,0.7046383023262024,0.6950018405914307
0.6813900470733643,0.4957716464996338,0.6902697682380676,0.7035254836082458
0.6798055768013,0.48286357522010803,0.7444329261779785,0.6992092132568359
0.7136505842208862,0.5206261277198792,0.6997109651565552,0.7096123695373535
0.6932730674743652,0.48145177960395813,0.7040531039237976,0.6338562369346619
0.6787766814231873,0.48939910531044006,0.7109882235527039,0.6584833264350891
0.6959892511367798,0.515587329864502,0.7130582928657532,0.6740351319313049
0.7216254472732544,0.5003349184989929,0.6909303069114685,0.6894163489341736
0.6936544179916382,0.4957558512687683,0.7231553196907043,0.6706376671791077
0.6798040270805359,0.7432655692100525,0.6973085403442383,0.9207506775856018
0.6605678796768188,0.735860288143158,nan,nan
nan,nan,nan,nan
0.6590218544006348,0.7639778256416321,0.7016420364379883,0.9429512023925781
0.6849414706230164,0.7579209804534912,0.7016279697418213,0.9285491108894348
0.6732586622238159,0.73975670337677,nan,nan
0.6930485963821411,0.7396196126937866,nan,nan
0.6660553812980652,0.7326990365982056,nan,nan
nan,nan,nan,nan
0.6562014222145081,0.7458975911140442,0.6910067200660706,1.0051052570343018
0.6604583859443665,0.7708021998405457,nan,nan
0.6789832711219788,0.7634156942367554,nan,nan
0.7034482955932617,0.7931610941886902,nan,nan
0.8732162714004517,0.6441503167152405,nan,nan
0.6845148801803589,0.7600606679916382,nan,nan
0.6743514537811279,0.7685332298278809,nan,nan
0.6930338740348816,0.7991547584533691,nan,nan
0.6803227066993713,0.784739077091217,nan,nan
0.6758321523666382,0.7570574283599854,nan,nan
nan,nan,nan,nan
0.6235815286636353,0.8004589080810547,0.6696711778640747,1.0399763584136963
0.6433789134025574,0.8017626404762268,nan,nan
0.6381451487541199,0.801024854183197,nan,nan
0.6483054757118225,0.7967289090156555,nan,nan
0.6381065249443054,0.820332944393158,nan,nan
0.640382707118988,0.819747805595398,nan,nan
nan,nan,nan,nan
0.2770593464374542,0.7698875069618225,0.22434939444065094,0.9292861819267273
nan,nan,0.2639516294002533,0.9167214632034302
0.26563626527786255,0.7772250771522522,0.24955563247203827,0.9181942343711853
0.2791478633880615,0.7438640594482422,0.2487322837114334,0.9314072132110596
0.26984599232673645,0.7694576978683472,nan,nan
nan,nan,nan,nan
0.2621866762638092,0.7664392590522766,0.20546162128448486,0.8949363827705383
0.26775509119033813,0.7561416625976562,0.2788265347480774,0.9359874725341797
0.28105664253234863,0.77834153175354,nan,nan
0.2220521867275238,0.7653421759605408,nan,nan
nan,nan,nan,nan
0.21227550506591797,0.7824075222015381,0.22010324895381927,0.9379187822341919
0.21985504031181335,0.7716941833496094,0.22065097093582153,0.9288798570632935
0.21886898577213287,0.7717989683151245,0.21567265689373016,0.9466434717178345
0.23666976392269135,0.7809191346168518,0.21590980887413025,0.9364382028579712
0.2373228818178177,0.7731475830078125,0.2032156139612198,0.95506751537323
0.25003117322921753,0.774628758430481,nan,nan
nan,nan,nan,nan
0.21975703537464142,0.7829514741897583,0.1788640171289444,0.9349218606948853
0.23610177636146545,0.7882748246192932,0.21282747387886047,0.9391668438911438
nan,nan,nan,nan
nan,nan,nan,nan
nan,nan,nan,nan
nan,nan,nan,nan
nan,nan,nan,nan
nan,nan,nan,nan
nan,nan,nan,nan
0.3550099730491638,0.6596873998641968,0.4801991879940033,0.7926041483879089
0.30456575751304626,0.6017245650291443,0.47415581345558167,0.7715392112731934
0.43113023042678833,0.5892530083656311,0.44240623712539673,0.762506902217865
0.434807151556015,0.5662057995796204,0.4460609555244446,0.7783287167549133
0.4237065613269806,0.5832892656326294,0.44018012285232544,0.7672005295753479
0.13846038281917572,0.6517048478126526,0.5018543601036072,0.7570030689239502
nan,nan,0.6282881498336792,0.7475947141647339
nan,nan,0.6159852147102356,0.7392573952674866
-0.09377744048833847,0.9319524168968201,0.6201992630958557,0.735543966293335
-0.08379589766263962,0.8415224552154541,nan,nan
nan,nan,nan,nan
-0.11709417402744293,0.7659946084022522,0.6893804669380188,0.789297878742218
-0.08566561341285706,0.8466418385505676,0.644989013671875,0.7278798222541809
nan,nan,0.6217422485351562,0.7470247745513916
nan,nan,0.6244669556617737,0.7343820333480835
-0.06352557241916656,0.8570695519447327,0.6197846531867981,0.7319419384002686
-0.0074000549502670765,0.9536240696907043,0.5740976333618164,0.7080166339874268
-0.03698407858610153,0.8270347118377686,0.5693364143371582,0.7120274305343628
0.009267213754355907,0.7188903093338013,0.5782837271690369,0.7449904084205627
-0.020706091076135635,0.8764094710350037,0.5563304424285889,0.7138426899909973
nan,nan,0.5521107316017151,0.7327516078948975
0.5665836930274963,0.5449329614639282,0.5423609614372253,0.7173206210136414
nan,nan,0.5018028020858765,1.2213754653930664
nan,nan,nan,nan
nan,nan,nan,nan
nan,nan,nan,nan
nan,nan,nan,nan
nan,nan,nan,nan
nan,nan,nan,nan
0.09208500385284424,-0.2520912289619446,nan,nan
0.36995112895965576,0.3233862519264221,0.4304349422454834,0.296451598405838
0.4596347212791443,0.34108641743659973,0.47564756870269775,0.44145628809928894
nan,nan,0.4560706913471222,0.44642049074172974
0.052616577595472336,0.90616375207901,-0.6094768047332764,0.3697460889816284
0.4460139572620392,0.3320193886756897,nan,nan
0.055937930941581726,0.8044978380203247,nan,nan
nan,nan,0.4603836238384247,0.4350089132785797
0.47441157698631287,0.33595192432403564,0.5083296298980713,0.5271474719047546
-0.03552203252911568,0.9616422057151794,0.49794071912765503,0.47559279203414917
0.4852948784828186,0.35387277603149414,0.508204460144043,0.49477097392082214
0.48643240332603455,0.32270172238349915,0.5021862387657166,0.5311060547828674
0.060563668608665466,0.7483632564544678,0.567768931388855,0.4396994709968567
0.4858038127422333,0.3094814717769623,0.5297490954399109,0.49858978390693665
-0.08318375051021576,1.2896976470947266,0.5125184655189514,0.4993797242641449
0.05146624147891998,0.7861514091491699,0.5383840799331665,0.499112069606781
0.0546233244240284,0.5562252998352051,0.5510256290435791,0.4912940561771393
0.4880511462688446,0.327149897813797,0.5038769841194153,0.47523316740989685
-0.003155606798827648,0.6910125017166138,0.5357432961463928,0.5024902820587158
0.08740147948265076,0.6432490348815918,0.5131552815437317,0.5431016683578491
nan,nan,0.508764922618866,0.5474104285240173
0.4841306805610657,0.34455493092536926,0.5441240072250366,0.5049415826797485
0.5016694664955139,0.29054105281829834,0.5154960751533508,0.5121473670005798
0.5008805990219116,0.2577765882015228,0.5391370058059692,0.4959682524204254
nan,nan,0.5261127948760986,0.525771975517273
0.48487749695777893,0.3081856667995453,-0.918578565120697,0.24616703391075134
-0.5780584812164307,1.316214919090271,0.5562267303466797,0.44550660252571106
-0.012868192978203297,0.8889011144638062,-0.5693835616111755,0.8427046537399292
nan,nan,0.5390769243240356,0.4874882400035858
0.5229018330574036,0.2679845094680786,0.5168362259864807,0.4974123239517212
0.07574602216482162,0.7080835103988647,0.5428707599639893,0.509492039680481
-0.10358218848705292,1.1532191038131714,0.5326457619667053,0.49958860874176025
nan,nan,0.5718741416931152,0.42967429757118225
-0.05414268374443054,0.951357901096344,0.5539859533309937,0.5183172225952148
nan,nan,0.6047537326812744,0.3963337540626526
0.5230087041854858,0.29389581084251404,0.5920354723930359,0.431148499250412
0.07625006139278412,0.8304849863052368,0.5326470732688904,0.5056853890419006
0.1235508844256401,0.7655158638954163,0.5158132910728455,0.5206702351570129
0.03224071487784386,0.786854088306427,0.5840224623680115,0.43760645389556885
-0.029293812811374664,1.0551528930664062,0.5363008975982666,0.49236151576042175
-0.008935390040278435,0.8887091279029846,-0.8026151657104492,0.5557765960693359
0.5171546339988708,0.3120148181915283,0.5886268019676208,0.4162476062774658
0.06113935634493828,0.7376040816307068,0.5475369691848755,0.48365840315818787
0.03210296109318733,0.90030837059021,0.5349271893501282,0.5162435173988342
-0.036749858409166336,0.920239269733429,0.5529533624649048,0.4650478661060333
-0.005734551232308149,0.9450234770774841,0.5398609638214111,0.4887235164642334
nan,nan,0.5314365029335022,0.5095041394233704
0.12469641119241714,0.708024799823761,0.4627712666988373,0.31442990899086
0.4189947843551636,0.10380885004997253,0.40701019763946533,0.2624373137950897
nan,nan,0.44801566004753113,0.24452805519104004
0.4117793142795563,0.06376804411411285,0.43442320823669434,0.1552354097366333
0.4265569746494293,0.05366902053356171,0.44302603602409363,0.28851088881492615
0.09970134496688843,1.1596978902816772,0.45486968755722046,0.24940750002861023
0.4233912229537964,0.03270009160041809,0.4449658989906311,0.2559022605419159
0.04335542023181915,1.009873867034912,0.4448041319847107,0.27815330028533936
0.4198591113090515,0.04717124253511429,0.44308850169181824,0.2789556682109833
0.1111753061413765,0.8647754788398743,0.4419841170310974,0.2872718274593353
0.42217740416526794,0.07619864493608475,0.4441715478897095,0.28640663623809814
0.16504545509815216,0.6164643168449402,0.45796528458595276,0.2801761031150818
0.3269346058368683,0.06456661224365234,0.3860601484775543,0.22570130228996277
-0.47539353370666504,0.814784049987793,0.3833481967449188,0.23198969662189484
0.23230576515197754,0.1036987379193306,0.38805171847343445,0.1915285885334015
0.3504073917865753,0.022648558020591736,0.38385552167892456,0.19197750091552734
0.3326037526130676,0.043264176696538925,0.3872908353805542,0.22197440266609192
0.33669301867485046,-0.011458441615104675,0.3910370171070099,0.1869163066148758
0.3532382845878601,-0.005500740837305784,-0.179378479719162,0.16000996530056
0.3301240801811218,0.04339898005127907,0.39357736706733704,0.2195557951927185
0.35477304458618164,0.0008085152949206531,0.38519087433815,0.18158383667469025
0.35881173610687256,0.01133779902011156,0.3971693217754364,0.17767195403575897
-0.630082905292511,0.8914648294448853,0.38445210456848145,0.18921461701393127
nan,nan,nan,nan
nan,nan,nan,nan
0.35968104004859924,0.8736822009086609,0.40235862135887146,0.888478696346283
0.17368489503860474,0.9963658452033997,0.3828357458114624,0.8958597779273987
0.32809337973594666,0.8463001847267151,nan,nan
0.2817991077899933,0.8393753170967102,nan,nan
0.2722466289997101,0.9360707998275757,nan,nan
0.27293792366981506,0.8362255096435547,nan,nan
0.3014799654483795,0.8418421745300293,nan,nan
0.27880990505218506,0.8906019926071167,0.31288984417915344,0.9253116250038147
0.27720582485198975,0.8314865827560425,0.33367082476615906,0.9217346906661987
0.2725684642791748,0.828218400478363,0.32654398679733276,0.9289335608482361
0.2892259955406189,0.840120792388916,0.3361246883869171,0.9100099802017212
0.3007201850414276,0.8346768021583557,0.3585415184497833,0.9007341861724854
0.33490845561027527,0.8279187083244324,nan,nan
0.3310818076133728,0.8131318092346191,0.3878262937068939,0.9190520644187927
0.31892630457878113,0.806376039981842,nan,nan
0.35801947116851807,0.8416520953178406,0.38747406005859375,0.8964803814888
0.34545937180519104,0.8225389122962952,nan,nan
0.3467979431152344,0.8038785457611084,nan,nan
0.3316709101200104,0.8237918019294739,nan,nan
0.3362414836883545,0.8225551247596741,nan,nan
0.3406298756599426,0.8152816295623779,nan,nan
0.34291425347328186,0.8139338493347168,nan,nan
0.35872840881347656,0.8424964547157288,nan,nan
0.3632532060146332,0.8719748854637146,nan,nan
0.34652724862098694,0.8165287375450134,nan,nan
0.3341642916202545,0.8174803853034973,nan,nan
0.30862778425216675,0.8310834765434265,nan,nan
0.38939231634140015,0.8645673394203186,nan,nan
0.391620397567749,0.8381308317184448,0.4615381956100464,0.9341082572937012
nan,nan,0.4641069173812866,0.9470322728157043
0.4132784605026245,0.8128811120986938,0.4479900300502777,0.9533050656318665
0.4197853207588196,0.809851348400116,nan,nan
nan,nan,nan,nan
0.7554396986961365,0.8714934587478638,0.9414979815483093,0.9617833495140076
-0.1268930286169052,0.5517968535423279,0.8138824105262756,0.9758713245391846
0.6335666179656982,0.8472132086753845,0.6623963713645935,0.978366494178772
0.7207558155059814,0.8384208083152771,nan,nan
nan,nan,nan,nan
0.7475506663322449,0.8438662886619568,0.9026204943656921,1.0611519813537598
-0.08505114167928696,0.39865729212760925,0.8149453401565552,1.0052871704101562
0.6615992784500122,0.8403078317642212,nan,nan
0.7331905961036682,0.8384333848953247,nan,nan
0.7392183542251587,0.8130780458450317,nan,nan
-0.11151271313428879,0.8121871948242188,nan,nan
-0.11244992166757584,0.7843311429023743,nan,nan
-0.12918511033058167,0.7108888030052185,nan,nan
-0.1009858176112175,0.8006858229637146,nan,nan
nan,nan,nan,nan
-0.13789235055446625,0.794659435749054,0.8056859374046326,0.9769336581230164
0.6951411366462708,0.8040881752967834,nan,nan
-0.10669250786304474,0.7198852300643921,nan,nan
-0.09541712701320648,0.7899396419525146,nan,nan
-0.1559889167547226,0.7527903914451599,nan,nan
-0.12429424375295639,0.7357208728790283,nan,nan
-0.1383182853460312,0.8213095664978027,nan,nan
nan,nan,nan,nan
-0.15054143965244293,0.7417486906051636,0.8923295140266418,1.025120496749878
-0.08331657946109772,0.7333154678344727,0.7865478992462158,0.9781954288482666
-0.08735285699367523,0.7993144392967224,nan,nan
-0.07574699819087982,0.6453037858009338,nan,nan
-0.1412402242422104,0.7998673915863037,nan,nan
-0.11280789226293564,0.6695560812950134,nan,nan
-0.11399462074041367,0.6749976277351379,nan,nan
nan,nan,nan,nan
-0.08218272030353546,0.7857211828231812,0.7798507213592529,1.0157346725463867
0.6902657151222229,0.7722064852714539,0.7329243421554565,0.9540004730224609
-0.061036959290504456,0.6732869148254395,nan,nan
0.6410020589828491,0.814505934715271,nan,nan
-0.04906713590025902,0.6209485530853271,nan,nan
-0.09462965279817581,0.6852847337722778,nan,nan
-0.11108644306659698,0.6356902718544006,nan,nan
-0.08361898362636566,0.7666489481925964,nan,nan
nan,nan,nan,nan
-0.11416679620742798,0.8140718340873718,0.7321892380714417,1.0716092586517334
-0.19834603369235992,0.947316586971283,0.7017809152603149,0.9979580044746399
-0.0959387794137001,0.86622154712677,nan,nan
nan,nan,nan,nan
-0.3791055977344513,1.3022605180740356,0.7226224541664124,1.1210408210754395
nan,nan,0.6141616702079773,1.5559632778167725
nan,nan,nan,nan
nan,nan,nan,nan
nan,nan,nan,nan
nan,nan,nan,nan
nan,nan,nan,nan
nan,nan,nan,nan
nan,nan,nan,nan
nan,nan,nan,nan
0.6252915263175964,0.9822226762771606,0.4381811320781708,0.9483793377876282
0.48402321338653564,0.9669978618621826,0.4729841351509094,0.9357119798660278
0.4522680938243866,0.915756106376648,nan,nan
nan,nan,nan,nan
0.4398271143436432,0.9132424592971802,0.4180399179458618,0.9765317440032959
0.42765548825263977,0.8885628581047058,0.4586487114429474,0.9621027112007141
0.4678032398223877,0.907215416431427,0.4686245322227478,0.954608142375946
0.4707423448562622,0.909302830696106,nan,nan
nan,nan,nan,nan
nan,nan,0.41329023241996765,1.0138792991638184
0.4622553884983063,0.8934484720230103,0.47196120023727417,0.9558672904968262
0.4678657650947571,0.8833509087562561,0.45768409967422485,0.9481536746025085
nan,nan,nan,nan
0.42186877131462097,0.9091099500656128,0.3968558609485626,0.9855091571807861
0.4271402955055237,0.8585240244865417,0.47090384364128113,0.9655844569206238
0.46486696600914,0.8698744773864746,0.4434458613395691,0.9629130363464355
0.45558634400367737,0.8624722957611084,0.47857195138931274,0.9589961171150208
0.46846622228622437,0.8667415976524353,nan,nan
0.4660329520702362,0.8620527982711792,nan,nan
0.4688507914543152,0.8550643920898438,nan,nan
0.47558772563934326,0.8405649065971375,nan,nan
0.4605165719985962,0.8375119566917419,nan,nan
0.47373101115226746,0.8410062193870544,nan,nan
0.478491872549057,0.8453678488731384,nan,nan
0.4784817695617676,0.8395749926567078,nan,nan
0.4665178060531616,0.8829167485237122,nan,nan
nan,nan,nan,nan
0.4584808945655823,0.8769686818122864,0.4397154450416565,0.9960665106773376
0.47393038868904114,0.8688221573829651,nan,nan
nan,nan,nan,nan
0.44482797384262085,0.8834996819496155,0.3862503468990326,1.0889415740966797
0.4436738193035126,0.8936164379119873,0.3930356502532959,1.0475499629974365
0.47563502192497253,0.848690390586853,0.45930325984954834,1.019626498222351
0.4729645550251007,0.8616768717765808,nan,nan
1.2429522275924683,0.6190758943557739,nan,nan
1.1929775476455688,0.6274182796478271,nan,nan
0.49312081933021545,0.7139106392860413,0.5004472732543945,0.7751542329788208
1.1889595985412598,0.6499042510986328,1.2501928806304932,0.869618833065033
0.492207407951355,0.6937946081161499,0.47478094696998596,0.8043063879013062
0.48889949917793274,0.7095528244972229,0.4845007658004761,0.7697736024856567
0.4993429481983185,0.6976439952850342,nan,nan
0.4930156469345093,0.6413347125053406,0.484602153301239,0.7246834635734558
1.1937223672866821,0.46449509263038635,0.4867593050003052,0.7299156785011292
0.4982670843601227,0.6475010514259338,0.5156204700469971,0.7170390486717224
0.49242740869522095,0.6306328177452087,0.5023090243339539,0.7143328189849854
0.45917102694511414,0.5899023413658142,nan,nan
0.49474427103996277,0.6324408650398254,0.4411126375198364,0.7405768632888794
0.4898068606853485,0.641972005367279,0.470714271068573,0.7500270009040833
0.44844600558280945,0.6756919026374817,0.36126020550727844,0.6391456723213196
0.38672637939453125,0.6262022852897644,0.1481943577528,0.7323628664016724
0.41293564438819885,0.653910219669342,0.4410046935081482,0.7144570350646973
0.4309038519859314,0.6530971527099609,0.4306228756904602,0.7098082900047302
0.44298577308654785,0.6551040410995483,0.44053688645362854,0.7234208583831787
0.43445196747779846,0.6545195579528809,0.4388343095779419,0.6988075971603394
0.4284047484397888,0.6534622311592102,0.4262070953845978,0.6955817341804504
0.436309278011322,0.6581797003746033,0.44546395540237427,0.71574866771698
0.4031688868999481,0.6444466710090637,0.45907625555992126,0.7295776605606079
0.4243035614490509,0.6358246207237244,0.4071982204914093,0.676800549030304
0.43302926421165466,0.6418222784996033,0.43032190203666687,0.7125570178031921
0.3958384096622467,0.6430677175521851,0.4380241334438324,0.728277325630188
0.41547736525535583,0.8249497413635254,nan,nan
0.419590026140213,0.8162207007408142,nan,nan
0.4301872253417969,0.8207707405090332,nan,nan
0.4226602017879486,0.8236164450645447,nan,nan
0.4196871221065521,0.8196924328804016,nan,nan
0.42062264680862427,0.8138940334320068,nan,nan
nan,nan,nan,nan
0.364023894071579,0.8189457058906555,0.37416717410087585,0.9017350077629089
0.4245348572731018,0.8120008111000061,0.43109261989593506,0.9199879169464111
